Observation_ID,Date,Year,Time,Behavior,Sender_ID,Sender_plumage_category,Sender_sex,Sender_age,Sender_age_exact,Receiver_ID,Receiver_sex,Receiver_age,Receiver_age_exact,Social_mate,Prev_breeding_group
OPP001,2015-06-02,2015,8H 9M 0S,Allopreening,JB4,Ornamented,M,3,exact,GG2,M,5,min,0,0
OPP002,2015-06-03,2015,10H 45M 0S,Courtship,JD6,Ornamented,M,3,min,EG1,F,3,exact,0,0
OPP003,2015-06-09,2015,7H 15M 0S,Allopreening,CI5,Unornamented,F,5,exact,ED4,M,4,exact,1,NA
OPP004,2015-06-19,2015,12H 22M 0S,Courtship,IC7,Ornamented,M,3,exact,CH6,F,2,exact,0,0
OPP005,2015-06-20,2015,9H 10M 0S,Chasing,GD9,Unornamented,F,3,exact,HI9,F,1,min,0,NA
OPP006,2015-06-21,2015,8H 38M 0S,Allopreening,FB6,Unornamented,M,1,exact,AJ6,F,3,min,0,0
OPP007,2015-06-21,2015,9H 45M 0S,Allopreening,HD2,Unornamented,F,1,exact,HB1,M,1,exact,0,0
OPP008,2015-06-21,2015,11H 0M 0S,Allopreening,BD3,Ornamented,M,2,exact,FI7,F,1,exact,NA,0
OPP009,2015-06-21,2015,11H 15M 0S,Chasing,BD3,Ornamented,M,2,exact,GJ7,M,1,exact,0,0
OPP010,2015-06-24,2015,10H 46M 0S,Chasing,GF1,Ornamented,M,2,exact,HA7,M,3,exact,0,0
OPP011,2015-06-24,2015,10H 58M 0S,Courtship,GJ8,Ornamented,M,3,exact,DI2,F,2,exact,1,1
OPP012,2015-06-25,2015,8H 30M 0S,Allopreening,EF3,Ornamented,M,4,exact,JJ5,F,5,min,0,1
OPP013,2015-06-25,2015,8H 34M 0S,Allopreening,HB1,Unornamented,M,1,exact,JJ5,F,5,min,0,1
OPP014,2015-06-26,2015,7H 27M 0S,Allopreening,JC3,Ornamented,M,2,exact,DA1,F,2,exact,1,0
OPP015,2015-06-30,2015,12H 12M 0S,Chasing,CF2,Ornamented,M,4,min,AD5,M,4,min,0,0
OPP016,2015-06-30,2015,12H 28M 0S,Allopreening,EF5,Unornamented,F,5,min,CF2,M,4,min,0,NA
OPP017,2015-07-01,2015,7H 45M 0S,Allopreening,JC5,Unornamented,F,5,min,AI0,M,2,exact,1,NA
OPP018,2015-07-01,2015,8H 6M 0S,Allopreening,JG2,Ornamented,M,4,exact,CH6,F,2,exact,1,NA
OPP019,2015-07-01,2015,8H 6M 0S,Chasing,JG2,Ornamented,M,4,exact,JJ2,M,1,exact,0,NA
OPP020,2015-07-01,2015,8H 58M 0S,Allopreening,FB6,Unornamented,M,1,exact,AJ6,F,3,min,0,0
OPP021,2015-07-01,2015,10H 44M 0S,Allopreening,BB5,Unornamented,M,3,exact,EC2,F,1,exact,1,NA
OPP022,2015-07-03,2015,7H 17M 0S,Allopreening,IC7,Ornamented,M,3,exact,DE5,F,4,min,1,1
OPP023,2015-07-03,2015,8H 6M 0S,Allopreening,EG6,Unornamented,M,2,exact,IB3,F,3,exact,1,0
OPP024,2015-07-03,2015,12H 52M 0S,Allopreening,FE9,Ornamented,M,5,min,IE0,F,2,exact,NA,1
OPP025,2015-07-04,2015,9H 59M 0S,Chasing,II5,Ornamented,M,3,exact,CE3,F,1,exact,0,0
OPP026,2015-07-04,2015,9H 59M 0S,Chasing,BD5,Ornamented,M,6,min,CE3,F,1,exact,0,0
OPP027,2015-07-04,2015,10H 6M 0S,Allopreening,JG7,Unornamented,M,2,exact,FD0,F,1,exact,0,0
OPP028,2015-07-04,2015,10H 37M 0S,Allopreening,JC4,Unornamented,M,1,exact,FD0,F,1,exact,NA,NA
OPP029,2015-07-04,2015,10H 41M 0S,Allopreening,AI0,Unornamented,M,2,exact,FA3,M,1,exact,0,NA
OPP030,2015-07-04,2015,10H 55M 0S,Chasing,FE9,Ornamented,M,5,min,AD6,M,4,min,NA,0
OPP031,2015-07-05,2015,8H 42M 0S,Allopreening,FA1,Ornamented,M,2,exact,JD9,F,2,exact,1,1
OPP032,2015-07-06,2015,11H 0M 0S,Courtship,DI0,Ornamented,M,4,exact,FD9,F,3,min,0,0
OPP033,2015-07-08,2015,9H 18M 0S,Allopreening,II1,Unornamented,F,3,min,AA1,M,3,min,1,NA
OPP034,2015-07-09,2015,8H 1M 0S,Chasing,ED4,Ornamented,M,4,exact,DG4,M,2,min,0,NA
OPP035,2015-07-09,2015,9H 4M 0S,Allopreening,JG2,Ornamented,M,4,exact,CH6,F,2,exact,1,NA
OPP036,2015-07-10,2015,9H 2M 0S,Allopreening,IB1,Unornamented,F,2,exact,IE6,M,2,exact,1,NA
OPP037,2015-07-11,2015,10H 51M 0S,Allopreening,FE9,Ornamented,M,5,min,IE0,F,2,exact,NA,1
OPP038,2015-07-15,2015,9H 58M 0S,Allopreening,ED4,Ornamented,M,4,exact,CI5,F,5,exact,1,NA
OPP039,2015-07-15,2015,11H 36M 0S,Courtship,HB5,Ornamented,M,5,min,CD7,F,1,exact,NA,0
OPP040,2015-07-15,2015,11H 36M 0S,Courtship,HB5,Ornamented,M,5,min,BE3,F,1,exact,NA,0
OPP041,2015-07-16,2015,9H 36M 0S,Allopreening,HI5,Unornamented,F,4,min,EE4,M,2,exact,0,0
OPP042,2015-07-16,2015,9H 57M 0S,Allopreening,DH5,Ornamented,M,4,min,EI4,F,4,min,NA,1
OPP043,2015-07-16,2015,9H 57M 0S,Courtship,DH5,Ornamented,M,4,min,EI4,F,4,min,NA,1
OPP044,2015-07-16,2015,10H 42M 0S,Courtship,GG2,Ornamented,M,5,min,AD7,F,3,min,0,0
OPP045,2015-07-16,2015,10H 47M 0S,Chasing,AA3,Ornamented,M,3,exact,HB0,F,3,min,1,1
OPP046,2015-07-16,2015,11H 26M 0S,Courtship,BD3,Ornamented,M,2,exact,FI7,F,1,exact,NA,0
OPP047,2015-07-16,2015,12H 27M 0S,Courtship,IA3,Ornamented,M,4,exact,GE6,M,1,exact,0,0
OPP048,2015-07-16,2015,12H 27M 0S,Courtship,IA3,Ornamented,M,4,exact,ID8,F,1,exact,0,0
OPP049,2015-07-18,2015,9H 8M 0S,Allopreening,AA7,Unornamented,F,3,min,CC3,M,2,min,1,0
OPP050,2015-07-18,2015,9H 30M 0S,Courtship,BJ9,Ornamented,M,3,min,DG0,M,1,exact,0,0
OPP051,2015-07-18,2015,9H 30M 0S,Courtship,BJ9,Ornamented,M,3,min,JA7,F,1,exact,0,0
OPP052,2015-07-18,2015,10H 57M 0S,Chasing,BD3,Ornamented,M,2,exact,IH2,M,2,exact,0,0
OPP053,2015-07-18,2015,10H 57M 0S,Courtship,IH2,Ornamented,M,2,exact,FI7,F,1,exact,0,0
OPP054,2015-07-18,2015,11H 27M 0S,Allopreening,FI7,Unornamented,F,1,exact,BD3,M,2,exact,NA,0
OPP055,2015-07-19,2015,11H 10M 0S,Allopreening,DG4,Unornamented,M,2,min,CH0,F,1,min,1,NA
OPP056,2015-07-21,2015,7H 19M 0S,Courtship,DH5,Ornamented,M,4,min,GD5,M,1,exact,0,0
OPP057,2015-07-21,2015,8H 23M 0S,Courtship,DH5,Ornamented,M,4,min,GD5,M,1,exact,0,0
OPP058,2015-07-21,2015,8H 55M 0S,Allopreening,EB7,Unornamented,F,1,exact,FD9,F,3,min,0,NA
OPP059,2015-07-21,2015,9H 21M 0S,Allopreening,AD5,Ornamented,M,4,min,CF2,M,4,min,0,0
OPP060,2015-07-21,2015,9H 23M 0S,Allopreening,DH5,Ornamented,M,4,min,EI4,F,4,min,NA,1
OPP061,2015-07-21,2015,9H 25M 0S,Allopreening,BB5,Unornamented,M,3,exact,EC2,F,1,exact,1,NA
OPP062,2015-07-23,2015,7H 25M 0S,Allopreening,IA3,Ornamented,M,4,exact,BC2,F,2,exact,0,0
OPP063,2015-07-23,2015,9H 55M 0S,Allopreening,EG6,Moulting,M,2,exact,IB3,F,3,exact,1,0
OPP064,2015-07-23,2015,12H 49M 0S,Allopreening,JD1,Unornamented,M,1,min,IB0,F,3,exact,0,0
OPP065,2015-07-24,2015,10H 38M 0S,Allopreening,EB2,Unornamented,F,2,exact,GG5,M,1,exact,0,1
OPP066,2015-07-24,2015,11H 21M 0S,Chasing,JJ9,Ornamented,M,4,exact,DB6,M,1,exact,NA,NA
OPP067,2015-07-24,2015,13H 3M 0S,Courtship,IE6,Ornamented,M,2,exact,AB3,NA,NA,NA,NA,NA
OPP068,2015-07-24,2015,14H 4M 0S,Allopreening,IA3,Ornamented,M,4,exact,BC2,F,2,exact,0,0
OPP069,2015-07-24,2015,15H 30M 0S,Allopreening,GA9,Unornamented,M,2,exact,EG1,F,3,exact,1,1
OPP070,2015-07-25,2015,8H 52M 0S,Courtship,JJ9,Ornamented,M,4,exact,HI5,F,4,min,0,0
OPP071,2015-07-25,2015,11H 14M 0S,Allopreening,JH6,Unornamented,F,1,exact,HH2,M,1,exact,NA,NA
OPP072,2015-07-25,2015,12H 29M 0S,Allopreening,FA1,Ornamented,M,2,exact,JD9,F,2,exact,1,1
OPP073,2015-07-25,2015,13H 0M 0S,Allopreening,FI8,Ornamented,M,2,min,EB7,F,1,exact,0,NA
OPP074,2015-07-26,2015,7H 39M 0S,Allopreening,JG2,Ornamented,M,4,exact,CH6,F,2,exact,1,NA
OPP075,2015-07-26,2015,7H 55M 0S,Allopreening,FE9,Ornamented,M,5,min,IE0,F,2,exact,NA,1
OPP076,2015-07-26,2015,8H 4M 0S,Allopreening,II5,Ornamented,M,3,exact,EH4,F,3,exact,1,1
OPP077,2015-07-26,2015,8H 7M 0S,Allopreening,DB6,Unornamented,M,1,exact,HG3,F,6,min,NA,NA
OPP078,2015-07-26,2015,8H 8M 0S,Allopreening,JG2,Ornamented,M,4,exact,CH6,F,2,exact,1,NA
OPP079,2015-07-26,2015,9H 6M 0S,Allopreening,HB1,Unornamented,M,1,exact,DE6,F,4,min,1,0
OPP080,2015-07-26,2015,10H 38M 0S,Courtship,JC3,Ornamented,M,2,exact,HD0,M,1,exact,0,0
OPP081,2015-07-26,2015,10H 38M 0S,Courtship,JC3,Ornamented,M,2,exact,CF3,F,1,exact,0,0
OPP082,2015-07-26,2015,10H 38M 0S,Courtship,JC3,Ornamented,M,2,exact,HI5,F,4,min,0,0
OPP083,2015-07-26,2015,10H 38M 0S,Courtship,JD6,Ornamented,M,3,min,HD0,M,1,exact,0,0
OPP084,2015-07-26,2015,10H 38M 0S,Courtship,JD6,Ornamented,M,3,min,CF3,F,1,exact,0,0
OPP085,2015-07-26,2015,10H 38M 0S,Courtship,JD6,Ornamented,M,3,min,HI5,F,4,min,0,0
OPP086,2015-07-27,2015,7H 0M 0S,Allopreening,GA9,Unornamented,M,2,exact,EG1,F,3,exact,1,1
OPP087,2015-07-27,2015,9H 19M 0S,Courtship,BJ9,Ornamented,M,3,min,JC2,F,1,exact,0,0
OPP088,2015-07-27,2015,9H 19M 0S,Courtship,BJ9,Ornamented,M,3,min,GB5,M,1,exact,0,0
OPP089,2015-07-27,2015,9H 19M 0S,Courtship,BJ9,Ornamented,M,3,min,AG6,M,1,exact,0,0
OPP090,2015-07-27,2015,9H 19M 0S,Courtship,BJ9,Ornamented,M,3,min,BE9,F,2,exact,1,1
OPP091,2015-07-27,2015,9H 39M 0S,Courtship,BJ9,Ornamented,M,3,min,GB5,M,1,exact,0,0
OPP092,2015-07-27,2015,9H 39M 0S,Courtship,BJ9,Ornamented,M,3,min,AG6,M,1,exact,0,0
OPP093,2015-07-27,2015,9H 39M 0S,Courtship,BJ9,Ornamented,M,3,min,BE9,F,2,exact,1,1
OPP094,2015-07-27,2015,9H 55M 0S,Allopreening,DC9,Unornamented,M,1,exact,GG3,F,1,exact,NA,NA
OPP095,2015-07-28,2015,8H 37M 0S,Chasing,DH7,Unornamented,M,1,exact,HH7,F,1,exact,0,0
OPP096,2015-07-28,2015,8H 37M 0S,Chasing,HE3,Unornamented,F,1,exact,HH7,F,1,exact,0,NA
OPP097,2015-07-28,2015,8H 37M 0S,Allopreening,DH7,Unornamented,M,1,exact,HE3,F,1,exact,1,0
OPP098,2015-07-28,2015,8H 47M 0S,Chasing,DH7,Unornamented,M,1,exact,HH7,F,1,exact,0,0
OPP099,2015-07-28,2015,8H 47M 0S,Chasing,HE3,Unornamented,F,1,exact,HH7,F,1,exact,0,NA
OPP100,2015-07-28,2015,8H 47M 0S,Chasing,AD6,Ornamented,M,4,min,HH7,F,1,exact,0,NA
OPP101,2015-07-28,2015,NA,Allopreening,HI5,Unornamented,F,4,min,DC0,M,1,exact,1,0
OPP102,2015-07-29,2015,8H 26M 0S,Courtship,CF2,Ornamented,M,4,min,AF1,F,1,exact,0,NA
OPP103,2015-07-29,2015,8H 26M 0S,Courtship,CF2,Ornamented,M,4,min,EC6,M,2,exact,0,0
OPP104,2015-07-30,2015,7H 33M 0S,Allopreening,HA7,Ornamented,M,3,exact,DC9,M,1,exact,0,0
OPP105,2015-07-30,2015,7H 33M 0S,Allopreening,HA7,Ornamented,M,3,exact,JD1,M,1,min,0,0
OPP106,2015-07-30,2015,8H 9M 0S,Allopreening,JJ5,Unornamented,F,5,min,HD2,F,1,exact,0,0
OPP107,2015-07-30,2015,8H 17M 0S,Allopreening,BG1,Ornamented,M,4,exact,AF3,F,4,min,0,NA
OPP108,2015-07-30,2015,10H 13M 0S,Courtship,II5,Ornamented,M,3,exact,DB6,M,1,exact,0,0
OPP109,2015-07-30,2015,10H 22M 0S,Chasing,IE6,Ornamented,M,2,exact,FC4,F,1,exact,0,NA
OPP110,2015-07-30,2015,11H 24M 0S,Allopreening,CE5,Ornamented,M,2,min,BG0,F,4,min,1,0
OPP111,2015-07-30,2015,11H 24M 0S,Allopreening,CE5,Ornamented,M,2,min,BG0,F,4,min,1,0
OPP112,2015-07-30,2015,11H 29M 0S,Chasing,DH5,Ornamented,M,4,min,CE5,M,2,min,0,0
OPP113,2015-07-30,2015,11H 29M 0S,Chasing,DH5,Ornamented,M,4,min,FC4,F,1,exact,NA,0
OPP114,2015-07-30,2015,11H 29M 0S,Chasing,EI4,Unornamented,F,4,min,CE5,M,2,min,0,0
OPP115,2015-07-30,2015,11H 29M 0S,Chasing,EI4,Unornamented,F,4,min,FC4,F,1,exact,NA,0
OPP116,2015-07-30,2015,11H 29M 0S,Courtship,CE5,Ornamented,M,2,min,FC4,F,1,exact,0,0
OPP117,2015-07-30,2015,11H 46M 0S,Allopreening,GD5,Unornamented,M,1,exact,JC0,F,1,exact,0,0
OPP118,2015-07-31,2015,7H 54M 0S,Allopreening,JC2,Unornamented,F,1,exact,AG6,M,1,exact,NA,NA
OPP119,2015-07-31,2015,7H 54M 0S,Allopreening,HB2,Unornamented,F,1,exact,DG0,M,1,exact,0,NA
OPP120,2015-07-31,2015,9H 28M 0S,Courtship,IH2,Ornamented,M,2,exact,EB5,F,4,min,1,1
OPP121,2015-07-31,2015,10H 56M 0S,Allopreening,FD0,Unornamented,F,1,exact,JC4,M,1,exact,NA,NA
OPP122,2015-07-31,2015,11H 32M 0S,Allopreening,HJ5,Unornamented,F,1,min,DG3,M,2,min,NA,NA
OPP123,2015-07-31,2015,11H 42M 0S,Allopreening,BH7,Unornamented,F,2,exact,BC0,M,2,exact,1,NA
OPP124,2015-08-01,2015,7H 33M 0S,Allopreening,CF3,Unornamented,F,1,exact,HD0,M,1,exact,0,NA
OPP125,2015-08-01,2015,9H 27M 0S,Chasing,HH2,Unornamented,M,1,exact,DC9,M,1,exact,NA,NA
OPP126,2015-08-02,2015,7H 59M 0S,Allopreening,JB4,Ornamented,M,3,exact,HA9,M,1,exact,0,NA
OPP127,2015-08-02,2015,12H 29M 0S,Allopreening,IA3,Ornamented,M,4,exact,BC2,F,2,exact,0,0
OPP128,2015-08-02,2015,12H 36M 0S,Allopreening,GE6,Unornamented,M,1,exact,IB1,F,2,exact,0,NA
OPP129,2015-08-02,2015,12H 36M 0S,Allopreening,GE6,Unornamented,M,1,exact,IE6,M,2,exact,0,NA
OPP130,2015-08-08,2015,16H 9M 0S,Courtship,CC3,Ornamented,M,2,min,JC4,M,1,exact,0,NA
OPP131,2015-08-08,2015,16H 54M 0S,Chasing,AD9,Ornamented,M,3,exact,EG5,F,1,min,NA,NA
OPP132,2015-08-16,2015,8H 43M 0S,Chasing,BD0,Ornamented,NA,NA,NA,IC4,M,2,exact,NA,NA
OPP133,2015-08-16,2015,8H 57M 0S,Courtship,BD0,Ornamented,NA,NA,NA,JH7,F,1,exact,NA,NA
OPP134,2015-08-16,2015,9H 56M 0S,Courtship,CE5,Ornamented,M,2,min,BG0,F,4,min,1,0
OPP135,2015-08-16,2015,9H 56M 0S,Courtship,CE5,Ornamented,M,2,min,BG0,F,4,min,1,0
OPP136,2015-08-16,2015,10H 53M 0S,Allopreening,HI5,Unornamented,F,4,min,DC0,M,1,exact,1,0
OPP137,2015-08-16,2015,10H 53M 0S,Allopreening,AD6,Ornamented,M,4,min,CA0,F,5,exact,0,NA
OPP138,2015-08-16,2015,10H 53M 0S,Chasing,AD6,Ornamented,M,4,min,DH7,M,1,exact,0,0
OPP139,2015-08-16,2015,10H 53M 0S,Chasing,CA0,Unornamented,F,5,exact,DH7,M,1,exact,0,0
OPP140,2015-08-16,2015,11H 8M 0S,Allopreening,EE4,Ornamented,M,2,exact,GE4,F,1,exact,1,NA
OPP141,2015-08-17,2015,13H 40M 0S,Chasing,BI2,Unornamented,M,1,exact,AJ6,F,3,min,0,0
OPP142,2015-08-17,2015,13H 40M 0S,Chasing,FE9,Ornamented,M,5,min,AJ6,F,3,min,0,0
OPP143,2015-08-17,2015,13H 54M 0S,Allopreening,GG5,Unornamented,M,1,exact,IB8,M,3,exact,0,1
OPP144,2015-08-18,2015,8H 51M 0S,Chasing,BJ9,Ornamented,M,3,min,IF1,F,4,min,0,0
OPP145,2015-08-18,2015,8H 51M 0S,Courtship,BJ9,Ornamented,M,3,min,IF1,F,4,min,0,0
OPP146,2015-08-18,2015,8H 51M 0S,Chasing,HA7,Unornamented,M,3,exact,BJ9,M,3,min,0,0
OPP147,2015-08-18,2015,8H 51M 0S,Chasing,HA7,Unornamented,M,3,exact,IF1,F,4,min,0,0
OPP148,2015-08-18,2015,9H 44M 0S,Chasing,BJ9,Ornamented,M,3,min,IB0,F,3,exact,0,0
OPP149,2015-08-18,2015,9H 44M 0S,Chasing,AD9,Ornamented,M,3,exact,IB0,F,3,exact,0,0
OPP150,2015-08-18,2015,9H 44M 0S,Chasing,GF1,Ornamented,M,2,exact,IB0,F,3,exact,0,0
OPP151,2015-08-18,2015,9H 44M 0S,Courtship,BJ9,Ornamented,M,3,min,IB0,F,3,exact,0,0
OPP152,2015-08-18,2015,9H 44M 0S,Courtship,AD9,Ornamented,M,3,exact,IB0,F,3,exact,0,0
OPP153,2015-08-18,2015,9H 44M 0S,Courtship,GF1,Ornamented,M,2,exact,IB0,F,3,exact,0,0
OPP154,2015-08-18,2015,9H 50M 0S,Courtship,GF1,Ornamented,M,2,exact,BE1,F,4,min,0,0
OPP155,2015-08-19,2015,8H 15M 0S,Courtship,CE5,Ornamented,M,2,min,BG0,F,4,min,1,0
OPP156,2015-08-19,2015,8H 15M 0S,Courtship,CE5,Ornamented,M,2,min,BG0,F,4,min,1,0
OPP157,2015-08-19,2015,8H 51M 0S,Chasing,JB4,Ornamented,M,3,exact,GG2,M,5,min,0,0
OPP158,2015-08-21,2015,10H 25M 0S,Courtship,II5,Ornamented,M,3,exact,EH4,F,3,exact,1,1
OPP159,2015-08-21,2015,10H 40M 0S,Courtship,IH2,Ornamented,M,2,exact,EB5,F,4,min,1,1
OPP160,2015-08-21,2015,11H 0M 0S,Chasing,JG2,Ornamented,M,4,exact,CA0,F,5,exact,0,NA
OPP161,2015-08-21,2015,11H 0M 0S,Chasing,IC7,Ornamented,M,3,exact,CA0,F,5,exact,0,0
OPP162,2015-08-21,2015,11H 0M 0S,Chasing,JG3,Ornamented,M,4,min,CA0,F,5,exact,0,0
OPP163,2015-08-21,2015,11H 0M 0S,Courtship,IC7,Ornamented,M,3,exact,CA0,F,5,exact,0,0
OPP164,2015-08-21,2015,11H 0M 0S,Courtship,JG3,Ornamented,M,4,min,CA0,F,5,exact,0,0
OPP165,2015-08-23,2015,8H 26M 0S,Allopreening,DE6,Unornamented,F,4,min,HB1,M,1,exact,1,0
OPP166,2015-08-24,2015,7H 40M 0S,Allopreening,EB2,Unornamented,F,2,exact,IB8,M,3,exact,1,1
OPP167,2015-08-24,2015,9H 47M 0S,Allopreening,EH4,Unornamented,F,3,exact,II5,M,3,exact,1,1
OPP168,2015-08-27,2015,7H 21M 0S,Courtship,AA1,Ornamented,M,3,min,DC0,M,1,exact,0,NA
OPP169,2015-08-27,2015,8H 5M 0S,Allopreening,JC4,Unornamented,M,1,exact,CA1,F,1,min,NA,NA
OPP170,2015-08-27,2015,10H 6M 0S,Chasing,FD5,Ornamented,M,2,exact,BE9,F,2,exact,0,0
OPP171,2015-08-27,2015,10H 6M 0S,Courtship,FD5,Ornamented,M,2,exact,BE9,F,2,exact,0,0
OPP172,2015-08-27,2015,10H 20M 0S,Chasing,AD9,Ornamented,M,3,exact,EG5,F,1,min,NA,NA
OPP173,2015-08-27,2015,10H 20M 0S,Chasing,AD9,Ornamented,M,3,exact,CA3,M,1,exact,NA,NA
OPP174,2016-05-28,2016,11H 30M 0S,Allopreening,BE5,Unornamented,M,2,min,BI9,F,3,min,0,NA
OPP175,2016-06-07,2016,9H 33M 0S,Allopreening,IE6,Ornamented,M,3,exact,IB1,F,3,exact,1,1
OPP176,2016-05-29,2016,8H 31M 0S,Courtship,HA7,Ornamented,M,4,exact,DJ6,F,2,exact,0,0
OPP177,2016-05-29,2016,8H 31M 0S,Chasing,HA7,Ornamented,M,4,exact,DJ6,F,2,exact,0,0
OPP178,2016-05-29,2016,8H 31M 0S,Courtship,HA7,Ornamented,M,4,exact,BE9,F,3,exact,0,0
OPP179,2016-06-17,2016,10H 21M 0S,Allopreening,DI0,Unornamented,M,5,exact,AB6,F,2,min,1,NA
OPP180,2016-06-20,2016,9H 14M 0S,Chasing,JE8,Unornamented,M,2,min,EG5,F,2,min,0,0
OPP181,2016-07-04,2016,12H 0M 0S,Allopreening,IE6,Unornamented,M,3,exact,IB1,F,3,exact,1,1
OPP182,2016-07-08,2016,12H 58M 0S,Chasing,FJ2,Unornamented,M,2,exact,IG1,M,1,exact,NA,0
OPP183,2016-06-28,2016,10H 49M 0S,Allopreening,IE6,Ornamented,M,3,exact,IB1,F,3,exact,1,1
OPP184,2016-07-02,2016,11H 24M 0S,Allopreening,IE6,Ornamented,M,3,exact,IG1,M,1,exact,0,1
OPP185,2016-07-19,2016,8H 24M 0S,Allopreening,HB0,Unornamented,F,4,min,FJ5,F,2,exact,NA,1
OPP186,2016-07-19,2016,9H 0M 0S,Allopreening,FB5,Unornamented,F,1,exact,CB3,F,1,exact,0,1
OPP187,2016-07-19,2016,11H 35M 0S,Allopreening,CB3,Unornamented,F,1,exact,FB5,F,1,exact,0,1
OPP188,2016-07-21,2016,8H 19M 0S,Chasing,AI2,Unornamented,M,2,min,JC5,F,6,min,0,0
OPP189,2016-07-21,2016,9H 48M 0S,Chasing,BI2,Unornamented,M,2,exact,IE0,F,3,exact,1,NA
OPP190,2016-07-04,2016,8H 57M 0S,Allopreening,AH8,Unornamented,M,1,exact,JB2,F,1,exact,0,1
OPP191,2016-07-08,2016,11H 35M 0S,Allopreening,CH8,Unornamented,M,1,exact,BE1,F,5,min,0,0
OPP192,2016-07-10,2016,9H 0M 0S,Allopreening,EB2,Unornamented,F,3,exact,BI2,M,2,exact,0,0
OPP193,2016-07-15,2016,12H 37M 0S,Allopreening,IB1,Unornamented,F,3,exact,IG1,M,1,exact,0,1
OPP194,2016-07-19,2016,10H 58M 0S,Allopreening,GA7,Unornamented,F,2,exact,JH4,M,1,exact,0,0
OPP195,2016-07-19,2016,12H 21M 0S,Allopreening,HB1,Unornamented,M,2,exact,DE6,F,5,min,0,1
OPP196,2016-07-19,2016,12H 26M 0S,Allopreening,HB0,Unornamented,F,4,min,FJ5,F,2,exact,NA,1
OPP197,2016-07-20,2016,8H 28M 0S,Chasing,AA0,Unornamented,M,1,exact,JB2,F,1,exact,0,0
OPP198,2016-07-20,2016,8H 29M 0S,Chasing,AH8,Unornamented,M,1,exact,AA0,M,1,exact,0,0
OPP199,2016-07-20,2016,8H 30M 0S,Allopreening,AH8,Unornamented,M,1,exact,BI9,F,3,min,0,0
OPP200,2016-07-20,2016,8H 31M 0S,Allopreening,BI9,Unornamented,F,3,min,JB2,F,1,exact,0,0
OPP201,2016-07-20,2016,8H 31M 0S,Allopreening,AH8,Unornamented,M,1,exact,JB2,F,1,exact,0,1
OPP202,2016-07-20,2016,9H 10M 0S,Allopreening,JF3,Unornamented,F,2,min,II6,M,2,exact,1,0
OPP203,2016-07-21,2016,7H 19M 0S,Allopreening,FB6,Unornamented,M,2,exact,GD1,M,2,min,0,0
OPP204,2016-06-15,2016,9H 15M 0S,Allopreening,GE6,Unornamented,M,2,exact,EC3,F,2,exact,NA,1
OPP205,2016-05-25,2016,7H 33M 0S,Allopreening,ID8,Unornamented,F,2,exact,EF8,M,4,exact,NA,0
OPP206,2016-06-03,2016,9H 20M 0S,Allopreening,IC7,Unornamented,M,4,exact,DE5,F,5,min,1,1
OPP207,2016-06-10,2016,7H 57M 0S,Allopreening,GA9,Unornamented,M,3,exact,GD5,M,2,exact,0,0
OPP208,2016-06-10,2016,8H 55M 0S,Allopreening,IA3,Unornamented,M,5,exact,EB7,F,2,exact,0,1
OPP209,2016-06-26,2016,9H 5M 0S,Allopreening,BE5,Unornamented,M,2,min,GD1,M,2,min,NA,NA
OPP210,2016-07-05,2016,15H 1M 0S,Allopreening,GG4,Unornamented,M,2,exact,DA1,F,3,exact,1,0
OPP211,2016-07-06,2016,15H 29M 0S,Allopreening,DA1,Unornamented,F,3,exact,FJ2,M,2,exact,0,1
OPP212,2016-07-06,2016,15H 29M 0S,Allopreening,FJ2,Unornamented,M,2,exact,GG4,M,2,exact,0,0
OPP213,2016-07-06,2016,15H 29M 0S,Allopreening,DA1,Unornamented,F,3,exact,GG4,M,2,exact,1,0
OPP214,2016-07-10,2016,8H 46M 0S,Allopreening,EG5,Unornamented,F,2,min,CH8,M,1,exact,0,0
OPP215,2016-07-20,2016,7H 25M 0S,Allopreening,GH1,Unornamented,M,4,exact,FC8,M,1,exact,0,0
OPP216,2016-07-20,2016,11H 4M 0S,Allopreening,HE3,Unornamented,F,2,exact,FA3,M,2,exact,0,0
OPP217,2016-07-08,2016,11H 45M 0S,Courtship,DI0,Ornamented,M,5,exact,AA0,M,1,exact,0,NA
OPP218,2016-07-10,2016,9H 21M 0S,Allopreening,FF7,Unornamented,F,3,exact,DG0,M,2,exact,NA,NA
OPP219,2016-07-13,2016,10H 20M 0S,Allopreening,FG3,Unornamented,M,1,exact,AA0,M,1,exact,0,NA
OPP220,2016-07-19,2016,9H 8M 0S,Allopreening,DA1,Unornamented,F,3,exact,JC3,M,3,exact,0,1
OPP221,2016-07-19,2016,11H 28M 0S,Allopreening,BJ5,Unornamented,M,3,exact,AA2,F,2,min,1,0
OPP222,2016-07-19,2016,11H 49M 0S,Allopreening,BJ4,Unornamented,M,2,exact,GF4,F,2,exact,0,0
OPP223,2016-07-21,2016,12H 42M 0S,Allopreening,DE8,Moulting,M,4,exact,AJ1,F,2,exact,1,1
OPP224,2016-07-05,2016,15H 37M 0S,Chasing,JC3,Ornamented,M,3,exact,JD6,M,4,min,0,0
OPP225,2016-07-19,2016,7H 29M 0S,Allopreening,IE4,Unornamented,F,1,exact,FB7,M,1,exact,0,NA
OPP226,2016-07-19,2016,7H 31M 0S,Allopreening,IE4,Unornamented,F,1,exact,AA0,M,1,exact,NA,NA
OPP227,2016-07-19,2016,7H 32M 0S,Allopreening,AA0,Unornamented,M,1,exact,FG3,M,1,exact,0,NA
OPP228,2016-07-19,2016,7H 33M 0S,Allopreening,IE4,Unornamented,F,1,exact,EI4,F,5,min,0,NA
OPP229,2016-07-19,2016,8H 39M 0S,Allopreening,IG1,Unornamented,M,1,exact,IB1,F,3,exact,0,1
OPP230,2016-07-20,2016,11H 45M 0S,Allopreening,HB1,Unornamented,M,2,exact,DE6,F,5,min,0,1
OPP231,2016-07-21,2016,7H 48M 0S,Allopreening,GG1,Unornamented,M,2,exact,FF7,F,3,exact,NA,0
OPP232,2016-07-21,2016,8H 25M 0S,Allopreening,GF4,Unornamented,F,2,exact,BJ4,M,2,exact,0,0
OPP233,2016-07-21,2016,10H 54M 0S,Allopreening,EH7,Unornamented,F,2,exact,DB3,M,1,exact,1,0
OPP234,2016-07-21,2016,11H 14M 0S,Allopreening,GF4,Unornamented,F,2,exact,BJ4,M,2,exact,0,0
OPP235,2016-07-21,2016,11H 33M 0S,Allopreening,AA2,Unornamented,F,2,min,BJ5,M,3,exact,1,0
OPP236,2016-06-20,2016,8H 19M 0S,Allopreening,FE1,Unornamented,NA,NA,NA,HH2,M,2,exact,NA,NA
OPP237,2016-07-17,2016,7H 42M 0S,Courtship,BJ9,Ornamented,M,4,min,CC9,F,2,exact,0,1
OPP238,2016-07-17,2016,10H 25M 0S,Allopreening,IE6,Ornamented,M,3,exact,IB1,F,3,exact,1,1
OPP239,2016-07-19,2016,7H 21M 0S,Allopreening,DC9,Unornamented,M,2,exact,CC9,F,2,exact,0,0
OPP240,2016-07-21,2016,7H 38M 0S,Allopreening,HA7,Ornamented,M,4,exact,JD1,M,2,min,0,1
OPP241,2016-07-21,2016,10H 15M 0S,Allopreening,JE6,Unornamented,F,2,min,CB1,M,1,exact,1,1
OPP242,2016-07-22,2016,8H 45M 0S,Allopreening,GG7,Ornamented,NA,NA,NA,HI0,F,2,exact,NA,NA
OPP243,2016-07-22,2016,9H 12M 0S,Allopreening,EA1,Unornamented,NA,NA,NA,DG8,F,2,min,NA,NA
OPP244,2016-07-22,2016,8H 1M 0S,Allopreening,EB7,Unornamented,F,2,exact,FD9,F,4,min,0,0
OPP245,2016-07-22,2016,8H 3M 0S,Allopreening,JC1,Unornamented,M,1,min,EB7,F,2,exact,0,0
OPP246,2016-07-22,2016,8H 12M 0S,Allopreening,IA3,Unornamented,M,5,exact,FD9,F,4,min,1,0
OPP247,2016-07-23,2016,8H 49M 0S,Allopreening,EH5,Unornamented,M,2,exact,EH4,F,4,exact,1,0
OPP248,2016-07-23,2016,9H 34M 0S,Allopreening,DE6,Unornamented,F,5,min,HB1,M,2,exact,0,1
OPP249,2016-07-23,2016,6H 50M 0S,Allopreening,JC0,Unornamented,F,2,exact,AH8,M,1,exact,0,0
OPP250,2016-07-23,2016,6H 56M 0S,Chasing,JC0,Unornamented,F,2,exact,EG1,F,4,exact,0,0
OPP251,2016-07-23,2016,7H 8M 0S,Chasing,JC0,Unornamented,F,2,exact,EG1,F,4,exact,0,0
OPP252,2016-07-23,2016,7H 10M 0S,Allopreening,AH8,Unornamented,M,1,exact,JC0,F,2,exact,0,0
OPP253,2016-07-23,2016,7H 11M 0S,Chasing,AH8,Unornamented,M,1,exact,JC0,F,2,exact,0,0
OPP254,2016-07-23,2016,9H 34M 0S,Allopreening,DB4,Unornamented,F,2,exact,GD5,M,2,exact,1,1
OPP255,2016-07-23,2016,11H 23M 0S,Allopreening,FD9,Unornamented,F,4,min,IA3,M,5,exact,1,0
OPP256,2016-07-23,2016,12H 4M 0S,Allopreening,IE6,Ornamented,M,3,exact,IB1,F,3,exact,1,1
OPP257,2016-07-21,2016,7H 32M 0S,Chasing,BJ5,Unornamented,M,3,exact,AJ9,M,1,exact,0,0
OPP258,2016-07-22,2016,7H 16M 0S,Allopreening,JC3,Ornamented,M,3,exact,GG4,M,2,exact,0,0
OPP259,2016-07-22,2016,7H 16M 0S,Allopreening,GG4,Unornamented,M,2,exact,DA1,F,3,exact,1,0
OPP260,2016-07-22,2016,7H 16M 0S,Allopreening,JC3,Ornamented,M,3,exact,DA1,F,3,exact,0,1
OPP261,2016-07-22,2016,7H 40M 0S,Allopreening,HD0,Unornamented,M,2,exact,IG1,M,1,exact,0,0
OPP262,2016-07-22,2016,7H 40M 0S,Allopreening,IE6,Ornamented,M,3,exact,IB1,F,3,exact,1,1
OPP263,2016-07-22,2016,9H 0M 0S,Allopreening,CI5,Unornamented,F,6,exact,ED4,M,5,exact,1,1
OPP264,2016-07-22,2016,11H 48M 0S,Allopreening,AA2,Unornamented,F,2,min,BJ5,M,3,exact,1,0
OPP265,2016-07-22,2016,11H 48M 0S,Chasing,BJ5,Unornamented,M,3,exact,AA2,F,2,min,1,0
OPP266,2016-07-23,2016,6H 50M 0S,Chasing,IA3,Unornamented,M,5,exact,GD8,M,1,exact,0,0
OPP267,2016-07-23,2016,7H 41M 0S,Allopreening,GG5,Unornamented,M,2,exact,HB2,F,2,exact,1,1
OPP268,2016-07-23,2016,7H 41M 0S,Allopreening,HB2,Unornamented,F,2,exact,DB3,M,1,exact,0,0
OPP269,2016-07-23,2016,7H 41M 0S,Allopreening,GG5,Unornamented,M,2,exact,DB3,M,1,exact,0,0
OPP270,2016-07-23,2016,7H 42M 0S,Allopreening,DB3,Unornamented,M,1,exact,GG5,M,2,exact,0,0
OPP271,2016-07-23,2016,8H 10M 0S,Allopreening,DB3,Unornamented,M,1,exact,GG5,M,2,exact,0,0
OPP272,2016-07-23,2016,8H 19M 0S,Allopreening,FB5,Unornamented,F,1,exact,JH4,M,1,exact,0,0
OPP273,2016-07-23,2016,8H 31M 0S,Allopreening,FB5,Unornamented,F,1,exact,HB0,F,4,min,0,1
OPP274,2016-07-23,2016,8H 34M 0S,Allopreening,HB0,Unornamented,F,4,min,FJ5,F,2,exact,NA,1
OPP275,2016-07-23,2016,11H 43M 0S,Allopreening,HB1,Unornamented,M,2,exact,DE6,F,5,min,0,1
OPP276,2016-07-23,2016,11H 48M 0S,Chasing,HB1,Unornamented,M,2,exact,BF0,F,2,min,0,0
OPP277,2016-07-23,2016,11H 48M 0S,Chasing,DE6,Unornamented,F,5,min,BF0,F,2,min,0,0
OPP278,2016-07-24,2016,10H 30M 0S,Allopreening,EG5,Unornamented,F,2,min,CA3,M,2,exact,1,NA
OPP279,2016-07-24,2016,11H 23M 0S,Chasing,FG3,Unornamented,M,1,exact,BI9,F,3,min,1,NA
OPP280,2016-07-25,2016,12H 32M 0S,Chasing,DG0,Unornamented,M,2,exact,DE2,M,1,exact,0,NA
OPP281,2016-07-25,2016,7H 22M 0S,Courtship,HA7,Ornamented,M,4,exact,JH6,F,2,exact,1,0
OPP282,2016-07-23,2016,7H 47M 0S,Allopreening,DG0,Unornamented,M,2,exact,GH7,F,2,exact,NA,NA
OPP283,2016-07-28,2016,9H 40M 0S,Allopreening,JD1,Unornamented,M,2,min,BE9,F,3,exact,1,0
OPP284,2016-07-28,2016,7H 10M 0S,Allopreening,JD6,Unornamented,M,4,min,FC4,F,2,exact,1,0
OPP285,2016-07-28,2016,8H 44M 0S,Chasing,GD5,Unornamented,M,2,exact,AH8,M,1,exact,0,1
OPP286,2016-07-29,2016,12H 34M 0S,Chasing,JC3,Ornamented,M,3,exact,IE6,M,3,exact,0,0
OPP287,2016-07-29,2016,9H 26M 0S,Chasing,GD5,Unornamented,M,2,exact,JC0,F,2,exact,0,0
OPP288,2016-07-29,2016,8H 35M 0S,Allopreening,JC5,Unornamented,F,6,min,GG5,M,2,exact,0,0
OPP289,2016-07-29,2016,12H 26M 0S,Allopreening,DE8,Moulting,M,4,exact,CF3,F,2,exact,0,1
OPP290,2016-07-30,2016,10H 33M 0S,Allopreening,FA3,Unornamented,M,2,exact,HH7,F,2,exact,0,1
OPP291,2016-07-29,2016,9H 23M 0S,Allopreening,DA1,Unornamented,F,3,exact,GG4,M,2,exact,1,0
OPP292,2016-07-30,2016,8H 13M 0S,Allopreening,DE8,Moulting,M,4,exact,HI5,F,5,min,0,0
OPP293,2016-07-30,2016,12H 22M 0S,Allopreening,ED4,Moulting,M,5,exact,DG4,M,3,min,0,0
OPP294,2016-07-31,2016,7H 27M 0S,Chasing,FB7,Unornamented,M,1,exact,BI9,F,3,min,0,NA
OPP295,2016-07-31,2016,7H 59M 0S,Allopreening,GD0,Unornamented,M,1,exact,BG0,F,5,min,0,0
OPP296,2016-08-02,2016,7H 30M 0S,Courtship,JG3,Ornamented,M,5,min,HI0,F,2,exact,1,1
OPP297,2016-08-02,2016,7H 53M 0S,Chasing,DE5,Unornamented,F,5,min,HI0,F,2,exact,0,0
OPP298,2016-07-30,2016,7H 23M 0S,Allopreening,JG4,Unornamented,F,1,exact,GG1,M,2,exact,NA,0
OPP299,2016-08-02,2016,12H 38M 0S,Allopreening,HA7,Ornamented,M,4,exact,DC9,M,2,exact,0,1
OPP300,2016-07-19,2016,10H 44M 0S,Allopreening,GF4,Unornamented,F,2,exact,BJ4,M,2,exact,0,0
OPP301,2016-07-19,2016,11H 6M 0S,Allopreening,JH6,Unornamented,F,2,exact,HH2,M,2,exact,0,NA
OPP302,2016-07-19,2016,12H 18M 0S,Allopreening,EH7,Unornamented,F,2,exact,DB3,M,1,exact,1,0
OPP303,2016-07-20,2016,7H 0M 0S,Allopreening,FG3,Unornamented,M,1,exact,AA0,M,1,exact,0,NA
OPP304,2016-07-21,2016,9H 15M 0S,Allopreening,FB6,Unornamented,M,2,exact,AJ6,F,4,min,0,1
OPP305,2016-07-21,2016,9H 15M 0S,Chasing,IE0,Unornamented,F,3,exact,EB2,F,3,exact,0,0
OPP306,2016-07-22,2016,7H 38M 0S,Allopreening,FD5,Unornamented,M,3,exact,GE8,F,1,exact,1,0
OPP307,2016-07-22,2016,8H 10M 0S,Allopreening,CA3,Unornamented,M,2,exact,EG5,F,2,min,1,NA
OPP308,2016-07-22,2016,8H 52M 0S,Allopreening,GG1,Unornamented,M,2,exact,JG4,F,1,exact,NA,0
OPP309,2016-07-22,2016,12H 10M 0S,Courtship,HA7,Ornamented,M,4,exact,BJ9,M,4,min,0,0
OPP310,2016-07-22,2016,12H 10M 0S,Courtship,BJ9,Ornamented,M,4,min,JH6,F,2,exact,0,0
OPP311,2016-07-22,2016,12H 10M 0S,Courtship,HA7,Ornamented,M,4,exact,JH6,F,2,exact,1,0
OPP312,2016-07-22,2016,12H 39M 0S,Allopreening,AA2,Unornamented,F,2,min,BJ5,M,3,exact,1,0
OPP313,2016-07-22,2016,12H 40M 0S,Courtship,HA7,Ornamented,M,4,exact,HA6,M,2,exact,0,0
OPP314,2016-07-23,2016,8H 10M 0S,Allopreening,JF3,Unornamented,F,2,min,II6,M,2,exact,1,0
OPP315,2016-07-30,2016,7H 39M 0S,Allopreening,GD1,Unornamented,M,2,min,JC0,F,2,exact,0,NA
OPP316,2016-08-01,2016,7H 55M 0S,Allopreening,JC3,Unornamented,M,3,exact,DA1,F,3,exact,0,1
OPP317,2016-08-06,2016,9H 0M 0S,Courtship,IE6,Ornamented,M,3,exact,EG1,F,4,exact,0,0
OPP318,2016-08-06,2016,9H 0M 0S,Courtship,JC3,Ornamented,M,3,exact,EG1,F,4,exact,0,0
OPP319,2016-08-10,2016,14H 15M 0S,Allopreening,EI4,Unornamented,F,5,min,AA0,M,1,exact,0,NA
OPP320,2016-08-10,2016,14H 16M 0S,Allopreening,EI4,Unornamented,F,5,min,FB7,M,1,exact,1,NA
OPP321,2016-08-12,2016,7H 33M 0S,Chasing,JC5,Unornamented,F,6,min,HB0,F,4,min,NA,0
OPP322,2016-08-12,2016,7H 54M 0S,Chasing,JC5,Unornamented,F,6,min,HB0,F,4,min,NA,0
OPP323,2016-08-13,2016,8H 51M 0S,Allopreening,DE6,Unornamented,F,5,min,HB1,M,2,exact,0,1
OPP324,2016-08-13,2016,10H 58M 0S,Allopreening,HI6,Unornamented,F,2,exact,IB2,M,2,exact,1,0
OPP325,2016-08-09,2016,7H 20M 0S,Courtship,IE6,Ornamented,M,3,exact,FC4,F,2,exact,0,0
OPP326,2016-08-09,2016,8H 15M 0S,Allopreening,EB7,Unornamented,F,2,exact,JC1,M,1,min,0,0
OPP327,2016-08-09,2016,8H 15M 0S,Allopreening,IA3,Unornamented,M,5,exact,EB7,F,2,exact,0,1
OPP328,2016-08-09,2016,8H 15M 0S,Allopreening,FD9,Unornamented,F,4,min,JC1,M,1,min,0,0
OPP329,2016-08-09,2016,8H 37M 0S,Allopreening,FD9,Unornamented,F,4,min,IA3,M,5,exact,1,0
OPP330,2016-08-12,2016,10H 12M 0S,Courtship,JC3,Ornamented,M,3,exact,IB1,F,3,exact,0,0
OPP331,2016-08-16,2016,7H 50M 0S,Allopreening,FC4,Unornamented,F,2,exact,JD6,M,4,min,1,0
OPP332,2016-08-16,2016,7H 58M 0S,Allopreening,IB1,Unornamented,F,3,exact,FE8,F,1,exact,0,1
OPP333,2016-08-16,2016,7H 58M 0S,Allopreening,FE8,Unornamented,F,1,exact,DA1,F,3,exact,0,0
OPP334,2016-08-16,2016,7H 58M 0S,Allopreening,IB1,Unornamented,F,3,exact,DA1,F,3,exact,0,0
OPP335,2016-08-16,2016,8H 20M 0S,Allopreening,GG4,Unornamented,M,2,exact,JC3,M,3,exact,0,0
OPP336,2016-08-18,2016,12H 46M 0S,Allopreening,EI4,Unornamented,F,5,min,FB7,M,1,exact,1,NA
OPP337,2016-08-16,2016,12H 8M 0S,Allopreening,GD5,Unornamented,M,2,exact,DB4,F,2,exact,1,1
OPP338,2016-08-18,2016,7H 12M 0S,Chasing,IB2,Unornamented,M,2,exact,AJ6,F,4,min,0,0
OPP339,2016-08-18,2016,7H 12M 0S,Chasing,HI6,Unornamented,F,2,exact,AJ6,F,4,min,0,0
OPP340,2016-08-18,2016,7H 36M 0S,Chasing,GA7,Unornamented,F,2,exact,AJ6,F,4,min,0,0
OPP341,2016-08-13,2016,7H 0M 0S,Chasing,JD6,Ornamented,M,4,min,FC4,F,2,exact,1,0
OPP342,2016-08-13,2016,7H 0M 0S,Courtship,JD6,Ornamented,M,4,min,FC4,F,2,exact,1,0
OPP343,2016-08-13,2016,8H 17M 0S,Allopreening,IE6,Ornamented,M,3,exact,IB1,F,3,exact,1,1
OPP344,2016-08-13,2016,12H 50M 0S,Courtship,DI0,Ornamented,M,5,exact,FB7,M,1,exact,0,NA
OPP345,2016-08-13,2016,12H 50M 0S,Courtship,DI0,Ornamented,M,5,exact,EI4,F,5,min,0,NA
OPP346,2016-08-13,2016,12H 50M 0S,Chasing,FB7,Unornamented,M,1,exact,EI4,F,5,min,1,NA
OPP347,2016-08-21,2016,10H 29M 0S,Allopreening,HD6,Moulting,M,4,exact,HD4,F,5,min,0,1
OPP348,2016-08-21,2016,11H 2M 0S,Allopreening,IE6,Ornamented,M,3,exact,IB1,F,3,exact,1,1
OPP349,2016-08-21,2016,12H 29M 0S,Chasing,FB7,Unornamented,M,1,exact,AA0,M,1,exact,0,NA
OPP350,2016-08-21,2016,12H 32M 0S,Chasing,EI4,Unornamented,F,5,min,AA0,M,1,exact,0,NA
OPP351,2016-08-21,2016,12H 49M 0S,Chasing,BI9,Unornamented,F,3,min,AA0,M,1,exact,0,NA
OPP352,2016-08-21,2016,14H 30M 0S,Allopreening,JC3,Ornamented,M,3,exact,DA1,F,3,exact,0,1
OPP353,2016-08-22,2016,6H 46M 0S,Allopreening,HI6,Unornamented,F,2,exact,IB2,M,2,exact,1,0
OPP354,2016-08-22,2016,7H 16M 0S,Allopreening,JC5,Unornamented,F,6,min,FB6,M,2,exact,0,0
OPP355,2016-08-22,2016,7H 53M 0S,Chasing,JH4,Unornamented,M,1,exact,BF0,F,2,min,0,NA
OPP356,2016-08-22,2016,8H 54M 0S,Chasing,IE0,Unornamented,F,3,exact,AJ6,F,4,min,0,0
OPP357,2016-08-23,2016,6H 13M 0S,Chasing,JC3,Ornamented,M,3,exact,EB7,F,2,exact,0,0
OPP358,2016-08-23,2016,6H 26M 0S,Courtship,JC3,Ornamented,M,3,exact,DA1,F,3,exact,0,1
OPP359,2016-08-23,2016,7H 10M 0S,Courtship,JD6,Ornamented,M,4,min,JG1,F,2,exact,0,0
OPP360,2016-08-23,2016,7H 10M 0S,Chasing,JD6,Ornamented,M,4,min,JG1,F,2,exact,0,0
OPP361,2016-08-23,2016,7H 54M 0S,Chasing,DB4,Unornamented,F,2,exact,JC0,F,2,exact,0,0
OPP362,2016-08-23,2016,8H 43M 0S,Chasing,FB7,Unornamented,M,1,exact,AA0,M,1,exact,0,NA
OPP363,2016-08-25,2016,7H 25M 0S,Chasing,BJ4,Unornamented,M,2,exact,GF4,F,2,exact,0,0
OPP364,2016-08-26,2016,6H 33M 0S,Allopreening,FB7,Unornamented,M,1,exact,EI4,F,5,min,1,NA
OPP365,2016-08-26,2016,7H 34M 0S,Allopreening,DB4,Unornamented,F,2,exact,GD5,M,2,exact,1,1
OPP366,2016-08-28,2016,12H 15M 0S,Allopreening,BI9,Unornamented,F,3,min,FG3,M,1,exact,1,NA
OPP367,2016-08-28,2016,12H 21M 0S,Allopreening,IE4,Unornamented,F,1,exact,FG3,M,1,exact,0,NA
OPP368,2016-08-14,2016,11H 0M 0S,Courtship,IE6,Ornamented,M,3,exact,HD4,F,5,min,0,0
OPP369,2016-08-14,2016,11H 5M 0S,Chasing,IE6,Ornamented,M,3,exact,HD4,F,5,min,0,0
OPP370,2016-08-14,2016,11H 15M 0S,Courtship,IE6,Ornamented,M,3,exact,GD5,M,2,exact,0,0
OPP371,2016-08-14,2016,11H 15M 0S,Chasing,GD5,Unornamented,M,2,exact,DB4,F,2,exact,1,1
OPP372,2016-08-16,2016,12H 15M 0S,Allopreening,GG5,Unornamented,M,2,exact,HB2,F,2,exact,1,1
OPP373,2016-08-18,2016,11H 47M 0S,Allopreening,ED4,Ornamented,M,5,exact,CI5,F,6,exact,1,1
OPP374,2016-08-18,2016,11H 47M 0S,Allopreening,ED4,Ornamented,M,5,exact,DG4,M,3,min,0,0
OPP375,2016-08-18,2016,11H 47M 0S,Allopreening,CI5,Unornamented,F,6,exact,DG4,M,3,min,0,0
OPP376,2016-08-23,2016,6H 28M 0S,Courtship,IE6,Ornamented,M,3,exact,EB7,F,2,exact,0,0
OPP377,2016-08-23,2016,8H 32M 0S,Allopreening,HB1,Moulting,M,2,exact,DE6,F,5,min,0,1
OPP378,2016-08-23,2016,8H 56M 0S,Allopreening,BI2,Unornamented,M,2,exact,IE0,F,3,exact,1,NA
OPP379,2016-08-23,2016,NA,Courtship,CC3,Ornamented,M,3,min,GB1,F,3,exact,0,0
OPP380,2016-08-30,2016,6H 23M 0S,Allopreening,JC3,Ornamented,M,3,exact,DA1,F,3,exact,0,1
OPP381,2016-08-30,2016,8H 54M 0S,Allopreening,CF3,Unornamented,F,2,exact,HD0,M,2,exact,1,1
OPP382,2016-08-14,2016,11H 15M 0S,Courtship,IE6,Ornamented,M,3,exact,HD4,F,5,min,0,0
OPP383,2017-06-05,2017,11H 10M 0S,Allopreening,JC4,Unornamented,M,3,exact,HF2,F,2,min,NA,0
OPP384,2017-05-31,2017,10H 19M 0S,Courtship,HA9,Ornamented,M,3,exact,FC4,F,3,exact,0,0
OPP385,2017-06-05,2017,10H 55M 0S,Courtship,IB2,Ornamented,M,3,exact,EB2,F,4,exact,0,0
OPP386,2017-06-05,2017,10H 55M 0S,Courtship,BI2,Ornamented,M,3,exact,EB2,F,4,exact,0,0
OPP387,2017-06-09,2017,9H 0M 0S,Allopreening,DC9,Ornamented,M,3,exact,JH6,F,3,exact,0,1
OPP388,2017-06-12,2017,11H 43M 0S,Allopreening,IG1,Ornamented,M,2,exact,IB1,F,4,exact,0,1
OPP389,2017-06-12,2017,11H 43M 0S,Allopreening,IE6,Ornamented,M,4,exact,IG1,M,2,exact,0,1
OPP390,2017-06-12,2017,12H 10M 0S,Courtship,IE6,Ornamented,M,4,exact,JC1,M,2,min,0,0
OPP391,2017-06-12,2017,12H 10M 0S,Courtship,IE6,Ornamented,M,4,exact,GH9,F,2,min,0,0
OPP392,2017-06-12,2017,12H 10M 0S,Courtship,IA3,Ornamented,M,6,exact,JC1,M,2,min,0,0
OPP393,2017-06-12,2017,12H 10M 0S,Courtship,IA3,Ornamented,M,6,exact,GH9,F,2,min,0,0
OPP394,2017-06-15,2017,6H 47M 0S,Chasing,JG7,Ornamented,M,4,exact,HD0,M,3,exact,0,0
OPP395,2017-06-22,2017,7H 33M 0S,Allopreening,AJ8,Unornamented,M,1,exact,DD0,F,1,exact,0,0
OPP396,2017-07-02,2017,7H 20M 0S,Allopreening,GF9,Unornamented,M,1,exact,GD5,M,3,exact,0,1
OPP397,2017-07-02,2017,7H 21M 0S,Allopreening,GF9,Unornamented,M,1,exact,BI9,F,4,min,0,0
OPP398,2017-07-02,2017,7H 22M 0S,Allopreening,BI9,Unornamented,F,4,min,GD5,M,3,exact,1,0
OPP399,2017-06-29,2017,9H 50M 0S,Courtship,DC9,Ornamented,M,3,exact,CF9,M,1,exact,NA,0
OPP400,2017-07-01,2017,8H 2M 0S,Allopreening,JE6,Unornamented,F,3,min,DJ8,NA,NA,NA,NA,NA
OPP401,2017-06-29,2017,9H 50M 0S,Courtship,DC9,Ornamented,M,3,exact,IG2,F,1,exact,0,0
OPP402,2017-06-24,2017,7H 13M 0S,Chasing,FD6,Moulting,M,3,min,GE2,F,1,exact,0,0
OPP403,2017-06-25,2017,16H 41M 0S,Courtship,CA3,Ornamented,M,3,exact,FF7,F,4,exact,0,0
OPP404,2017-06-28,2017,7H 40M 0S,Allopreening,CA3,Ornamented,M,3,exact,EG5,F,3,min,1,1
OPP405,2017-07-02,2017,8H 31M 0S,Chasing,BC7,Unornamented,F,4,exact,CE4,F,1,exact,0,0
OPP406,2017-07-02,2017,8H 39M 0S,Chasing,AG8,Unornamented,M,1,exact,GF5,M,1,exact,0,0
OPP407,2017-07-03,2017,10H 56M 0S,Allopreening,DJ8,Ornamented,NA,NA,NA,JE6,F,3,min,NA,NA
OPP408,2017-07-03,2017,9H 5M 0S,Allopreening,AG8,Unornamented,M,1,exact,BC7,F,4,exact,1,0
OPP409,2017-07-05,2017,7H 25M 0S,Allopreening,GD5,Ornamented,M,3,exact,BI9,F,4,min,1,0
OPP410,2017-07-05,2017,7H 25M 0S,Allopreening,BI9,Unornamented,F,4,min,GF9,M,1,exact,0,0
OPP411,2017-07-05,2017,7H 25M 0S,Allopreening,GD5,Ornamented,M,3,exact,GF9,M,1,exact,0,1
OPP412,2017-07-09,2017,7H 7M 0S,Allopreening,DG4,Ornamented,M,4,min,IH0,F,1,exact,1,0
OPP413,2017-07-11,2017,7H 14M 0S,Allopreening,II7,Unornamented,M,1,exact,EG1,F,5,exact,1,1
OPP414,2017-07-11,2017,7H 53M 0S,Allopreening,GD0,Ornamented,M,2,exact,FH2,F,2,exact,1,0
OPP415,2017-07-11,2017,8H 11M 0S,Allopreening,GC7,Unornamented,F,1,exact,BB4,M,1,exact,0,1
OPP416,2017-07-12,2017,7H 52M 0S,Allopreening,JJ0,Unornamented,F,5,min,GF5,M,1,exact,0,1
OPP417,2017-07-13,2017,7H 47M 0S,Courtship,HB1,Ornamented,M,3,exact,EB2,F,4,exact,1,1
OPP418,2017-07-13,2017,7H 16M 0S,Allopreening,AJ8,Unornamented,M,1,exact,DD0,F,1,exact,0,0
OPP419,2017-07-14,2017,7H 37M 0S,Allopreening,JB8,Unornamented,M,1,exact,CE4,F,1,exact,0,NA
OPP420,2017-07-17,2017,7H 51M 0S,Allopreening,IA5,Unornamented,M,1,exact,FA4,F,1,min,0,0
OPP421,2017-07-19,2017,7H 38M 0S,Allopreening,BC7,Unornamented,F,4,exact,AG8,M,1,exact,1,0
OPP422,2017-07-19,2017,10H 48M 0S,Allopreening,CF0,Unornamented,F,1,exact,DD4,M,1,exact,0,0
OPP423,2017-07-21,2017,8H 50M 0S,Allopreening,BC6,Moulting,M,1,exact,BE9,F,4,exact,1,0
OPP424,2017-07-21,2017,11H 24M 0S,Allopreening,GB1,Unornamented,F,4,exact,IA5,M,1,exact,0,1
OPP425,2017-07-21,2017,11H 31M 0S,Allopreening,GB1,Unornamented,F,4,exact,IA5,M,1,exact,0,1
OPP426,2017-07-21,2017,11H 31M 0S,Allopreening,IA5,Unornamented,M,1,exact,BG4,M,1,exact,0,0
OPP427,2017-07-21,2017,11H 31M 0S,Allopreening,GB1,Unornamented,F,4,exact,BG4,M,1,exact,NA,0
OPP428,2017-07-21,2017,12H 6M 0S,Allopreening,DE6,Unornamented,F,6,min,CH5,M,1,exact,0,0
OPP429,2017-07-22,2017,7H 21M 0S,Chasing,IE6,Ornamented,M,4,exact,IB1,F,4,exact,0,1
OPP430,2017-07-21,2017,12H 6M 0S,Allopreening,CH5,Unornamented,M,1,exact,BF4,F,1,exact,0,NA
OPP431,2017-07-21,2017,12H 6M 0S,Allopreening,DE6,Unornamented,F,6,min,BF4,F,1,exact,0,0
OPP432,2017-07-23,2017,8H 22M 0S,Allopreening,GG0,Unornamented,F,6,min,CE4,F,1,exact,NA,0
OPP433,2017-07-23,2017,8H 32M 0S,Allopreening,GG0,Unornamented,F,6,min,JB8,M,1,exact,0,0
OPP434,2017-07-23,2017,11H 54M 0S,Allopreening,IB1,Unornamented,F,4,exact,CF0,F,1,exact,0,0
OPP435,2017-07-23,2017,12H 6M 0S,Allopreening,DD4,Unornamented,M,1,exact,CF0,F,1,exact,0,0
OPP436,2017-07-24,2017,7H 9M 0S,Chasing,GG5,Ornamented,M,3,exact,DF3,M,1,exact,0,0
OPP437,2017-07-24,2017,8H 5M 0S,Chasing,GG5,Ornamented,M,3,exact,CD1,F,1,exact,0,0
OPP438,2017-07-24,2017,12H 55M 0S,Allopreening,IA5,Unornamented,M,1,exact,GB1,F,4,exact,0,1
OPP439,2017-07-24,2017,12H 56M 0S,Allopreening,IA5,Unornamented,M,1,exact,CJ1,F,1,exact,0,0
OPP440,2017-07-26,2017,7H 10M 0S,Chasing,GD0,Ornamented,M,2,exact,FH2,F,2,exact,1,0
OPP441,2017-07-26,2017,7H 50M 0S,Allopreening,JC1,Ornamented,M,2,min,GH9,F,2,min,NA,NA
OPP442,2017-07-28,2017,7H 20M 0S,Allopreening,HB1,Ornamented,M,3,exact,IH4,F,1,exact,0,1
OPP443,2017-07-29,2017,7H 4M 0S,Chasing,IE6,Ornamented,M,4,exact,IB1,F,4,exact,0,1
OPP444,2017-07-29,2017,12H 49M 0S,Allopreening,GD0,Ornamented,M,2,exact,FH2,F,2,exact,1,0
OPP445,2017-08-01,2017,7H 15M 0S,Chasing,GD0,Ornamented,M,2,exact,FH2,F,2,exact,1,0
OPP446,2017-08-01,2017,10H 48M 0S,Allopreening,IB1,Unornamented,F,4,exact,DD4,M,1,exact,0,1
OPP447,2017-08-01,2017,11H 6M 0S,Allopreening,IB1,Unornamented,F,4,exact,CF0,F,1,exact,0,0
OPP448,2017-07-30,2017,8H 8M 0S,Allopreening,JC1,Ornamented,M,2,min,GH9,F,2,min,NA,NA
OPP449,2017-07-30,2017,8H 11M 0S,Chasing,JC1,Ornamented,M,2,min,BB2,M,1,exact,NA,NA
OPP450,2017-07-30,2017,8H 54M 0S,Allopreening,DB3,Ornamented,M,2,exact,HI7,F,2,min,1,0
OPP451,2017-07-30,2017,8H 54M 0S,Chasing,DB3,Ornamented,M,2,exact,HI7,F,2,min,1,0
OPP452,2017-07-31,2017,8H 35M 0S,Allopreening,GD0,Ornamented,M,2,exact,FH2,F,2,exact,1,0
OPP453,2017-07-31,2017,10H 32M 0S,Allopreening,AJ8,Unornamented,M,1,exact,DD0,F,1,exact,0,0
OPP454,2017-08-01,2017,7H 12M 0S,Courtship,FB6,Ornamented,M,3,exact,GG0,F,6,min,0,0
OPP455,2017-07-31,2017,10H 48M 0S,Allopreening,AJ8,Unornamented,M,1,exact,DD0,F,1,exact,0,0
OPP456,2017-08-01,2017,8H 22M 0S,Allopreening,JJ0,Unornamented,F,5,min,DD5,M,1,exact,NA,0
OPP457,2017-08-01,2017,8H 23M 0S,Allopreening,CC3,Ornamented,M,4,min,DD5,M,1,exact,0,0
OPP458,2017-08-01,2017,9H 23M 0S,Allopreening,FH4,Unornamented,M,1,exact,CD1,F,1,exact,1,NA
OPP459,2017-08-01,2017,8H 22M 0S,Allopreening,CC3,Ornamented,M,4,min,GF5,M,1,exact,0,1
OPP460,2017-08-03,2017,11H 13M 0S,Chasing,BC7,Unornamented,F,4,exact,CE4,F,1,exact,0,0
OPP461,2017-08-01,2017,8H 22M 0S,Allopreening,GF5,Unornamented,M,1,exact,EE7,M,1,exact,0,0
OPP462,2017-08-01,2017,8H 22M 0S,Allopreening,CC3,Ornamented,M,4,min,EE7,M,1,exact,0,0
OPP463,2017-08-03,2017,8H 28M 0S,Allopreening,BF8,Unornamented,M,1,exact,EB2,F,4,exact,0,1
OPP464,2017-08-04,2017,8H 46M 0S,Chasing,AC4,Unornamented,M,1,exact,IA3,M,6,exact,0,1
OPP465,2017-08-05,2017,9H 15M 0S,Allopreening,GD0,Ornamented,M,2,exact,FH2,F,2,exact,1,0
OPP466,2017-08-05,2017,9H 20M 0S,Allopreening,GD0,Ornamented,M,2,exact,BB4,M,1,exact,0,1
OPP467,2017-08-05,2017,9H 22M 0S,Allopreening,BB4,Unornamented,M,1,exact,GC7,F,1,exact,0,1
OPP468,2017-08-05,2017,9H 23M 0S,Allopreening,FH2,Unornamented,F,2,exact,BB4,M,1,exact,0,0
OPP469,2017-08-05,2017,9H 23M 0S,Allopreening,GD0,Ornamented,M,2,exact,FH2,F,2,exact,1,0
OPP470,2017-08-06,2017,8H 39M 0S,Courtship,GD0,Ornamented,M,2,exact,FH2,F,2,exact,1,0
OPP471,2017-08-06,2017,8H 39M 0S,Chasing,GD0,Ornamented,M,2,exact,FH2,F,2,exact,1,0
OPP472,2017-08-06,2017,8H 46M 0S,Chasing,GD0,Ornamented,M,2,exact,FH2,F,2,exact,1,0
OPP473,2017-08-06,2017,8H 46M 0S,Chasing,JG8,Ornamented,M,2,exact,FH2,F,2,exact,0,0
OPP474,2017-08-06,2017,7H 59M 0S,Allopreening,EG1,Unornamented,F,5,exact,II7,M,1,exact,1,1
OPP475,2017-08-06,2017,11H 31M 0S,Allopreening,FA4,Unornamented,F,1,min,BG4,M,1,exact,NA,NA
OPP476,2017-08-09,2017,10H 2M 0S,Courtship,IA3,Ornamented,M,6,exact,JF2,F,1,exact,1,0
OPP477,2017-08-09,2017,10H 2M 0S,Chasing,IA3,Ornamented,M,6,exact,JF2,F,1,exact,1,0
OPP478,2017-08-06,2017,11H 31M 0S,Allopreening,BG4,Unornamented,M,1,exact,GB1,F,4,exact,NA,0
OPP479,2017-08-06,2017,11H 31M 0S,Allopreening,FA4,Unornamented,F,1,min,GB1,F,4,exact,NA,0
OPP480,2017-08-09,2017,12H 19M 0S,Allopreening,EE7,Unornamented,M,1,exact,GF5,M,1,exact,0,0
OPP481,2017-08-10,2017,7H 52M 0S,Allopreening,BC7,Unornamented,F,4,exact,AG8,M,1,exact,1,0
OPP482,2017-08-09,2017,7H 8M 0S,Allopreening,HB1,Ornamented,M,3,exact,EB2,F,4,exact,1,1
OPP483,2017-08-10,2017,6H 55M 0S,Allopreening,EG1,Unornamented,F,5,exact,II7,M,1,exact,1,1
OPP484,2017-08-10,2017,7H 0M 0S,Chasing,GD5,Ornamented,M,3,exact,GF2,F,1,min,0,0
OPP485,2017-08-10,2017,7H 12M 0S,Allopreening,EG1,Unornamented,F,5,exact,II7,M,1,exact,1,1
OPP486,2017-08-10,2017,7H 19M 0S,Chasing,GD5,Ornamented,M,3,exact,GF2,F,1,min,0,0
OPP487,2017-08-10,2017,7H 19M 0S,Chasing,GD5,Ornamented,M,3,exact,II7,M,1,exact,0,0
OPP488,2017-08-12,2017,7H 19M 0S,Allopreening,JC1,Ornamented,M,2,min,GH9,F,2,min,NA,NA
OPP489,2017-08-12,2017,9H 27M 0S,Chasing,IE6,Ornamented,M,4,exact,CF0,F,1,exact,0,0
OPP490,2017-07-02,2017,9H 57M 0S,Allopreening,IG1,Ornamented,M,2,exact,IB1,F,4,exact,0,1
OPP491,2017-07-03,2017,8H 36M 0S,Courtship,HB1,Ornamented,M,3,exact,DE6,F,6,min,0,0
OPP492,2017-07-03,2017,8H 40M 0S,Chasing,HB1,Ornamented,M,3,exact,DE6,F,6,min,0,0
OPP493,2017-07-03,2017,12H 15M 0S,Courtship,GG5,Ornamented,M,3,exact,HI7,F,2,min,0,0
OPP494,2017-07-04,2017,9H 20M 0S,Chasing,GG5,Ornamented,M,3,exact,DH6,M,1,exact,0,0
OPP495,2017-07-04,2017,13H 3M 0S,Chasing,IE6,Ornamented,M,4,exact,FC4,F,3,exact,0,0
OPP496,2017-07-04,2017,13H 3M 0S,Courtship,IE6,Ornamented,M,4,exact,FC4,F,3,exact,0,0
OPP497,2017-07-11,2017,7H 24M 0S,Allopreening,BE9,Unornamented,F,4,exact,BC6,M,1,exact,1,0
OPP498,2017-07-11,2017,9H 3M 0S,Chasing,AC4,Unornamented,M,1,exact,DD4,M,1,exact,0,0
OPP499,2017-07-11,2017,11H 57M 0S,Courtship,GG5,Ornamented,M,3,exact,CD1,F,1,exact,0,0
OPP500,2017-07-11,2017,12H 46M 0S,Courtship,IA3,Ornamented,M,6,exact,JF2,F,1,exact,1,0
OPP501,2017-07-11,2017,12H 46M 0S,Allopreening,IA3,Ornamented,M,6,exact,AC4,M,1,exact,0,1
OPP502,2017-07-12,2017,7H 14M 0S,Allopreening,AJ8,Unornamented,M,1,exact,GA7,F,3,exact,1,0
OPP503,2017-07-12,2017,7H 14M 0S,Allopreening,AJ8,Unornamented,M,1,exact,GA7,F,3,exact,1,0
OPP504,2017-07-13,2017,12H 50M 0S,Courtship,JG7,Ornamented,M,4,exact,IC4,F,3,exact,0,0
OPP505,2017-07-17,2017,7H 17M 0S,Courtship,IA3,Ornamented,M,6,exact,JF2,F,1,exact,1,0
OPP506,2017-07-17,2017,7H 17M 0S,Chasing,IA3,Ornamented,M,6,exact,JF2,F,1,exact,1,0
OPP507,2017-07-18,2017,8H 15M 0S,Allopreening,GG5,Ornamented,M,3,exact,DJ7,F,1,exact,NA,0
OPP508,2017-07-18,2017,8H 12M 0S,Allopreening,DH6,Unornamented,M,1,exact,JF7,F,1,exact,0,NA
OPP509,2017-07-19,2017,8H 28M 0S,Chasing,BF8,Unornamented,M,1,exact,EB2,F,4,exact,0,1
OPP510,2017-07-19,2017,10H 53M 0S,Courtship,JC4,Ornamented,M,3,exact,CJ1,F,1,exact,NA,0
OPP511,2017-07-19,2017,10H 53M 0S,Chasing,JC4,Ornamented,M,3,exact,CJ1,F,1,exact,NA,0
OPP512,2017-07-21,2017,7H 10M 0S,Chasing,JC4,Ornamented,M,3,exact,HF2,F,2,min,NA,0
OPP513,2017-07-21,2017,9H 42M 0S,Chasing,GG5,Ornamented,M,3,exact,DF3,M,1,exact,0,0
OPP514,2017-07-21,2017,9H 43M 0S,Chasing,GG5,Ornamented,M,3,exact,DE1,F,1,exact,0,0
OPP515,2017-07-21,2017,9H 43M 0S,Courtship,GG5,Ornamented,M,3,exact,DE1,F,1,exact,0,0
OPP516,2017-07-21,2017,10H 35M 0S,Courtship,CG4,Ornamented,M,2,min,BD4,F,3,exact,1,1
OPP517,2017-07-21,2017,10H 35M 0S,Courtship,CG4,Ornamented,M,2,min,CD1,F,1,exact,0,0
OPP518,2017-07-21,2017,10H 45M 0S,Courtship,CG4,Ornamented,M,2,min,CD1,F,1,exact,0,0
OPP519,2017-07-21,2017,11H 28M 0S,Chasing,FH4,Unornamented,M,1,exact,JF7,F,1,exact,0,NA
OPP520,2017-07-21,2017,11H 28M 0S,Chasing,FH4,Unornamented,M,1,exact,DH6,M,1,exact,0,NA
OPP521,2017-07-22,2017,8H 33M 0S,Courtship,FB6,Ornamented,M,3,exact,EB2,F,4,exact,0,0
OPP522,2017-07-22,2017,8H 33M 0S,Courtship,HB1,Ornamented,M,3,exact,EB2,F,4,exact,1,1
OPP523,2017-07-22,2017,8H 59M 0S,Allopreening,FB6,Ornamented,M,3,exact,BF4,F,1,exact,0,0
OPP524,2017-07-22,2017,9H 51M 0S,Allopreening,DE6,Unornamented,F,6,min,BF4,F,1,exact,0,0
OPP525,2017-07-23,2017,12H 3M 0S,Courtship,IA3,Ornamented,M,6,exact,JF2,F,1,exact,1,0
OPP526,2017-07-24,2017,6H 52M 0S,Courtship,GG4,Ornamented,M,3,exact,IB1,F,4,exact,0,0
OPP527,2017-07-24,2017,9H 27M 0S,Chasing,HB1,Ornamented,M,3,exact,EB2,F,4,exact,1,1
OPP528,2017-07-24,2017,10H 14M 0S,Chasing,AJ6,Unornamented,F,5,min,DD0,F,1,exact,0,0
OPP529,2017-07-24,2017,12H 23M 0S,Allopreening,BC7,Unornamented,F,4,exact,AG8,M,1,exact,1,0
OPP530,2017-07-25,2017,7H 19M 0S,Allopreening,BF4,Unornamented,F,1,exact,DE6,F,6,min,0,0
OPP531,2017-07-25,2017,8H 11M 0S,Chasing,CH5,Unornamented,M,1,exact,EB2,F,4,exact,0,0
OPP532,2017-07-26,2017,9H 25M 0S,Chasing,IA3,Ornamented,M,6,exact,IB1,F,4,exact,0,0
OPP533,2017-07-28,2017,7H 21M 0S,Allopreening,BF8,Unornamented,M,1,exact,HB1,M,3,exact,0,1
OPP534,2017-07-28,2017,7H 25M 0S,Allopreening,BF4,Unornamented,F,1,exact,FB6,M,3,exact,0,0
OPP535,2017-07-28,2017,9H 56M 0S,Courtship,GA5,Ornamented,M,3,exact,IH0,F,1,exact,0,0
OPP536,2017-07-28,2017,7H 25M 0S,Allopreening,FB6,Ornamented,M,3,exact,DE6,F,6,min,1,1
OPP537,2017-07-28,2017,7H 25M 0S,Allopreening,BF4,Unornamented,F,1,exact,DE6,F,6,min,0,0
OPP538,2017-07-28,2017,10H 10M 0S,Allopreening,GF5,Unornamented,M,1,exact,JJ0,F,5,min,0,1
OPP539,2017-07-28,2017,11H 47M 0S,Allopreening,IE6,Ornamented,M,4,exact,CF0,F,1,exact,0,0
OPP540,2017-07-28,2017,12H 51M 0S,Courtship,JG7,Ornamented,M,4,exact,HF2,F,2,min,0,0
OPP541,2017-07-29,2017,8H 10M 0S,Chasing,DE1,Unornamented,F,1,exact,DJ7,F,1,exact,0,0
OPP542,2017-07-29,2017,NA,Allopreening,DH6,Unornamented,M,1,exact,JF7,F,1,exact,0,NA
OPP543,2017-07-29,2017,NA,Chasing,DG4,Ornamented,M,4,min,GB1,F,4,exact,0,0
OPP544,2017-07-29,2017,NA,Chasing,JG7,Ornamented,M,4,exact,DG4,M,4,min,0,0
OPP545,2017-07-29,2017,NA,Courtship,BI2,Ornamented,M,3,exact,IE0,F,4,exact,1,1
OPP546,2017-07-30,2017,11H 40M 0S,Courtship,IA3,Ornamented,M,6,exact,IB1,F,4,exact,0,0
OPP547,2017-07-31,2017,10H 50M 0S,Allopreening,IB1,Unornamented,F,4,exact,DD4,M,1,exact,0,1
OPP548,2017-08-01,2017,7H 8M 0S,Chasing,GD5,Ornamented,M,3,exact,GF2,F,1,min,0,0
OPP549,2017-08-01,2017,12H 40M 0S,Courtship,DE2,Ornamented,M,2,exact,HA4,F,1,min,0,0
OPP550,2017-08-02,2017,8H 43M 0S,Allopreening,DD4,Unornamented,M,1,exact,IB1,F,4,exact,0,1
OPP551,2017-08-02,2017,9H 20M 0S,Chasing,JC1,Ornamented,M,2,min,GH9,F,2,min,NA,NA
OPP552,2017-08-02,2017,9H 20M 0S,Courtship,JC1,Ornamented,M,2,min,GH9,F,2,min,NA,NA
OPP553,2017-08-03,2017,7H 49M 0S,Allopreening,DJ7,Unornamented,F,1,exact,GG5,M,3,exact,NA,0
OPP554,2017-08-03,2017,10H 36M 0S,Courtship,DB3,Ornamented,M,2,exact,HI7,F,2,min,1,0
OPP555,2017-08-03,2017,10H 50M 0S,Chasing,DF3,Unornamented,M,1,exact,CD5,F,1,exact,0,NA
OPP556,2017-08-03,2017,10H 50M 0S,Chasing,DE1,Unornamented,F,1,exact,CD5,F,1,exact,0,0
OPP557,2017-08-03,2017,10H 55M 0S,Chasing,DE1,Unornamented,F,1,exact,HJ3,F,1,exact,0,0
OPP558,2017-08-03,2017,10H 55M 0S,Chasing,DF3,Unornamented,M,1,exact,HJ3,F,1,exact,0,0
OPP559,2017-08-03,2017,11H 2M 0S,Chasing,DF3,Unornamented,M,1,exact,DE1,F,1,exact,1,0
OPP560,2017-08-04,2017,16H 45M 0S,Allopreening,BB2,Unornamented,M,1,exact,GH9,F,2,min,NA,NA
OPP561,2017-08-04,2017,16H 58M 0S,Chasing,JC1,Ornamented,M,2,min,BB2,M,1,exact,NA,NA
OPP562,2017-08-05,2017,10H 50M 0S,Allopreening,IA5,Unornamented,M,1,exact,JG7,M,4,exact,0,1
OPP563,2017-08-05,2017,13H 5M 0S,Chasing,HB1,Ornamented,M,3,exact,EB2,F,4,exact,1,1
OPP564,2017-08-06,2017,7H 50M 0S,Courtship,IA3,Ornamented,M,6,exact,AC4,M,1,exact,0,1
OPP565,2017-08-06,2017,7H 50M 0S,Courtship,IA3,Ornamented,M,6,exact,JF2,F,1,exact,1,0
OPP566,2017-08-08,2017,12H 41M 0S,Chasing,JC1,Ornamented,M,2,min,GH9,F,2,min,NA,NA
OPP567,2017-08-09,2017,7H 18M 0S,Allopreening,GH9,Unornamented,F,2,min,JC1,M,2,min,NA,NA
OPP568,2017-08-09,2017,7H 26M 0S,Allopreening,GH9,Unornamented,F,2,min,JC1,M,2,min,NA,NA
OPP569,2017-08-09,2017,7H 26M 0S,Allopreening,GH9,Unornamented,F,2,min,BB2,M,1,exact,NA,NA
OPP570,2017-08-10,2017,6H 57M 0S,Chasing,IG1,Ornamented,M,2,exact,DD4,M,1,exact,0,1
OPP571,2017-08-20,2017,9H 22M 0S,Allopreening,BE9,Unornamented,F,4,exact,BC6,M,1,exact,1,0
OPP572,2017-08-20,2017,11H 2M 0S,Chasing,AC4,Unornamented,M,1,exact,IJ6,F,2,min,0,0
OPP573,2017-08-20,2017,11H 19M 0S,Chasing,IA3,Ornamented,M,6,exact,HG6,F,2,min,0,0
OPP574,2017-08-20,2017,11H 19M 0S,Courtship,IA3,Ornamented,M,6,exact,HG6,F,2,min,0,0
OPP575,2017-08-21,2017,11H 0M 0S,Allopreening,AG8,Moulting,M,1,exact,BC7,F,4,exact,1,0
OPP576,2017-08-23,2017,9H 31M 0S,Allopreening,BF8,Moulting,M,1,exact,HB0,F,5,min,1,0
OPP577,2017-08-25,2017,7H 50M 0S,Courtship,EI7,Ornamented,M,2,min,IJ6,F,2,min,0,0
OPP578,2017-08-25,2017,8H 8M 0S,Allopreening,JB8,Unornamented,M,1,exact,GG0,F,6,min,0,0
OPP579,2017-08-25,2017,11H 55M 0S,Chasing,JC4,Ornamented,M,3,exact,EE7,M,1,exact,0,0
OPP580,2017-08-26,2017,9H 22M 0S,Courtship,JG8,Ornamented,M,2,exact,EG1,F,5,exact,0,0
OPP581,2017-08-26,2017,9H 15M 0S,Chasing,II7,Unornamented,M,1,exact,BI9,F,4,min,0,0
OPP582,2017-08-26,2017,9H 15M 0S,Chasing,GF2,Unornamented,F,1,min,BI9,F,4,min,0,0
OPP583,2017-08-26,2017,9H 15M 0S,Chasing,BI9,Unornamented,F,4,min,GF2,F,1,min,0,0
OPP584,2017-08-26,2017,9H 15M 0S,Chasing,II7,Unornamented,M,1,exact,GF2,F,1,min,0,0
OPP585,2017-08-27,2017,8H 45M 0S,Allopreening,BI9,Unornamented,F,4,min,II7,M,1,exact,0,0
OPP586,2017-08-27,2017,9H 57M 0S,Chasing,BI9,Unornamented,F,4,min,CE1,F,1,exact,0,0
OPP587,2017-08-27,2017,9H 57M 0S,Chasing,II7,Unornamented,M,1,exact,CE1,F,1,exact,0,0
OPP588,2017-08-27,2017,10H 38M 0S,Allopreening,IH0,Unornamented,F,1,exact,DG4,M,4,min,1,0
OPP589,2017-08-27,2017,9H 57M 0S,Chasing,BI9,Unornamented,F,4,min,AC1,F,1,exact,0,0
OPP590,2017-08-27,2017,9H 57M 0S,Chasing,II7,Unornamented,M,1,exact,AC1,F,1,exact,0,0
OPP591,2017-08-27,2017,11H 22M 0S,Chasing,CI5,Unornamented,F,7,exact,HG4,F,1,min,0,0
OPP592,2017-08-27,2017,11H 22M 0S,Chasing,HF2,Unornamented,F,2,min,HG4,F,1,min,NA,NA
OPP593,2017-09-12,2017,11H 30M 0S,Chasing,FD6,Ornamented,M,3,min,IA5,M,1,exact,0,0
OPP594,2017-09-17,2017,11H 16M 0S,Allopreening,DG4,Ornamented,M,4,min,IH0,F,1,exact,1,0
OPP595,2017-09-22,2017,10H 58M 0S,Chasing,IA3,Ornamented,M,6,exact,IA5,M,1,exact,0,0
OPP596,2017-09-26,2017,10H 21M 0S,Chasing,HA6,Ornamented,M,3,exact,FB8,F,2,min,0,0
OPP597,2017-09-26,2017,10H 21M 0S,Courtship,HA6,Ornamented,M,3,exact,FB8,F,2,min,0,0
OPP598,2017-09-26,2017,10H 21M 0S,Chasing,CF9,Unornamented,M,1,exact,HA6,M,3,exact,0,0
OPP599,2017-09-27,2017,6H 34M 0S,Chasing,IE6,Ornamented,M,4,exact,GE2,F,1,exact,0,0
OPP600,2017-09-27,2017,6H 34M 0S,Courtship,IE6,Ornamented,M,4,exact,GE2,F,1,exact,0,0
OPP601,2017-10-04,2017,6H 25M 0S,Chasing,CH5,Unornamented,M,1,exact,HB1,M,3,exact,0,0
OPP602,2017-10-04,2017,8H 10M 0S,Courtship,HB1,Ornamented,M,3,exact,JD0,F,1,exact,0,0
OPP603,2017-10-07,2017,9H 21M 0S,Chasing,GG4,Ornamented,M,3,exact,IE6,M,4,exact,0,0
OPP604,2017-10-07,2017,10H 43M 0S,Courtship,DB3,Ornamented,M,2,exact,CH3,F,1,exact,0,0
OPP605,2017-10-13,2017,9H 0M 0S,Courtship,DI0,Ornamented,M,6,exact,FH2,F,2,exact,0,0
OPP606,2017-10-13,2017,9H 0M 0S,Chasing,AC4,Unornamented,M,1,exact,DI0,M,6,exact,NA,0
OPP607,2017-10-14,2017,9H 33M 0S,Courtship,JC4,Ornamented,M,3,exact,JE6,F,3,min,0,0
OPP608,2017-10-14,2017,9H 33M 0S,Chasing,JC4,Ornamented,M,3,exact,JE6,F,3,min,0,0
OPP609,2017-10-14,2017,9H 33M 0S,Chasing,CB1,Ornamented,M,2,exact,JC4,M,3,exact,0,0
OPP610,2017-10-17,2017,9H 46M 0S,Courtship,DG4,Ornamented,M,4,min,FC4,F,3,exact,0,0
OPP611,2017-11-01,2017,5H 27M 0S,Courtship,FD6,Ornamented,M,3,min,GE2,F,1,exact,0,0
OPP612,2018-05-16,2018,8H 37M 0S,Chasing,JG7,Ornamented,M,5,exact,CF0,F,2,exact,0,0
OPP613,2018-05-16,2018,9H 35M 0S,Chasing,HF2,Unornamented,F,3,min,JE6,F,4,min,NA,0
OPP614,2018-05-24,2018,10H 30M 0S,Courtship,FA3,Ornamented,M,4,exact,EB2,F,5,exact,0,0
OPP615,2018-05-25,2018,8H 0M 0S,Courtship,GA5,Ornamented,M,4,exact,CD4,F,1,exact,0,0
OPP616,2018-05-25,2018,8H 0M 0S,Chasing,GA5,Ornamented,M,4,exact,CD4,F,1,exact,0,0
OPP617,2018-05-30,2018,9H 10M 0S,Chasing,IC9,Unornamented,F,2,min,CD4,F,1,exact,0,0
OPP618,2018-05-30,2018,9H 10M 0S,Chasing,JF2,Unornamented,F,2,exact,CD4,F,1,exact,0,0
OPP619,2018-06-01,2018,10H 10M 0S,Courtship,FD6,Ornamented,M,4,min,CD4,F,1,exact,0,0
OPP620,2018-06-19,2018,10H 6M 0S,Allopreening,HE7,Unornamented,M,1,exact,AG3,F,1,exact,0,0
OPP621,2018-06-20,2018,8H 18M 0S,Allopreening,EG6,Unornamented,M,1,exact,HE7,M,1,exact,0,0
OPP622,2018-06-20,2018,8H 22M 0S,Allopreening,GE4,Unornamented,M,1,exact,HE7,M,1,exact,0,0
OPP623,2018-06-21,2018,10H 48M 0S,Allopreening,BG4,Unornamented,M,2,exact,HE7,M,1,exact,0,0
OPP624,2018-06-29,2018,13H 53M 0S,Allopreening,BA8,Moulting,M,2,min,FD2,F,1,exact,0,0
OPP625,2018-07-06,2018,7H 18M 0S,Allopreening,JG7,Ornamented,M,5,exact,IC9,F,2,min,1,1
OPP626,2018-07-06,2018,9H 13M 0S,Allopreening,GG4,Ornamented,M,4,exact,DA1,F,5,exact,1,1
OPP627,2018-07-08,2018,11H 28M 0S,Courtship,JG7,Ornamented,M,5,exact,CF0,F,2,exact,0,0
OPP628,2018-07-08,2018,11H 28M 0S,Courtship,FD6,Ornamented,M,4,min,CF0,F,2,exact,0,0
OPP629,2018-07-08,2018,11H 28M 0S,Chasing,JG7,Ornamented,M,5,exact,CF0,F,2,exact,0,0
OPP630,2018-07-08,2018,11H 28M 0S,Chasing,FD6,Ornamented,M,4,min,CF0,F,2,exact,0,0
OPP631,2018-07-08,2018,11H 30M 0S,Chasing,HE7,Unornamented,M,1,exact,HE1,M,1,exact,0,0
OPP632,2018-07-11,2018,8H 2M 0S,Chasing,CD3,Unornamented,M,1,exact,CA5,F,1,exact,0,0
OPP633,2018-07-14,2018,8H 28M 0S,Chasing,GG4,Ornamented,M,4,exact,DF1,M,1,exact,0,1
OPP634,2018-07-14,2018,9H 28M 0S,Courtship,II7,Ornamented,M,2,exact,FD2,F,1,exact,0,0
OPP635,2018-07-14,2018,10H 20M 0S,Courtship,AC4,Ornamented,M,2,exact,FD2,F,1,exact,0,0
OPP636,2018-07-14,2018,11H 59M 0S,Chasing,BF7,Ornamented,M,2,exact,BA2,M,2,exact,0,NA
OPP637,2018-07-14,2018,11H 59M 0S,Chasing,IC7,Ornamented,M,6,exact,BA2,M,2,exact,0,NA
OPP638,2018-07-14,2018,11H 59M 0S,Courtship,BF7,Ornamented,M,2,exact,BA2,M,2,exact,0,NA
OPP639,2018-07-14,2018,11H 59M 0S,Courtship,IC7,Ornamented,M,6,exact,BA2,M,2,exact,0,NA
OPP640,2018-07-15,2018,8H 52M 0S,Allopreening,HB1,Ornamented,M,4,exact,EB2,F,5,exact,1,1
OPP641,2018-07-15,2018,8H 52M 0S,Allopreening,EB2,Unornamented,F,5,exact,AC2,M,1,exact,0,0
OPP642,2018-07-15,2018,9H 59M 0S,Chasing,JH4,Ornamented,M,3,exact,EB2,F,5,exact,0,0
OPP643,2018-07-15,2018,9H 59M 0S,Courtship,JH4,Ornamented,M,3,exact,EB2,F,5,exact,0,0
OPP644,2018-07-16,2018,7H 31M 0S,Allopreening,GG4,Ornamented,M,4,exact,DA1,F,5,exact,1,1
OPP645,2018-07-16,2018,11H 36M 0S,Courtship,JG7,Ornamented,M,5,exact,BF4,F,2,exact,0,0
OPP646,2018-07-16,2018,11H 50M 0S,Courtship,FD6,Ornamented,M,4,min,HE7,M,1,exact,0,0
OPP647,2018-07-16,2018,11H 50M 0S,Courtship,JG7,Ornamented,M,5,exact,HE7,M,1,exact,0,0
OPP648,2018-07-16,2018,11H 50M 0S,Courtship,GF5,Ornamented,M,2,exact,HE7,M,1,exact,0,0
OPP649,2018-07-17,2018,8H 49M 0S,Courtship,GD4,Ornamented,M,2,exact,HG6,F,3,min,NA,1
OPP650,2018-07-17,2018,8H 59M 0S,Chasing,AC4,Ornamented,M,2,exact,DD8,F,4,min,1,1
OPP651,2018-07-18,2018,11H 43M 0S,Allopreening,BA4,Unornamented,F,4,exact,EC6,M,1,exact,0,1
OPP652,2018-07-22,2018,7H 20M 0S,Chasing,FB6,Ornamented,M,4,exact,JD0,F,2,exact,1,0
OPP653,2018-07-22,2018,7H 20M 0S,Chasing,CH5,Unornamented,M,2,exact,FB6,M,4,exact,0,0
OPP654,2018-07-24,2018,8H 33M 0S,Courtship,IA7,Ornamented,M,2,exact,HJ5,F,1,exact,1,0
OPP655,2018-07-24,2018,10H 23M 0S,Courtship,HB1,Ornamented,M,4,exact,CA5,F,1,exact,0,0
OPP656,2018-07-24,2018,10H 23M 0S,Courtship,JH4,Ornamented,M,3,exact,CA5,F,1,exact,0,0
OPP657,2018-07-24,2018,10H 37M 0S,Courtship,JH4,Ornamented,M,3,exact,CA5,F,1,exact,0,0
OPP658,2018-07-24,2018,10H 45M 0S,Courtship,JH4,Ornamented,M,3,exact,HB0,F,6,min,0,0
OPP659,2018-07-24,2018,10H 54M 0S,Courtship,JH4,Ornamented,M,3,exact,HB0,F,6,min,0,0
OPP660,2018-07-27,2018,8H 26M 0S,Allopreening,AF8,Unornamented,M,1,exact,DD8,F,4,min,0,1
OPP661,2018-07-27,2018,8H 26M 0S,Allopreening,AE2,Moulting,M,1,exact,DD8,F,4,min,0,1
OPP662,2018-07-28,2018,8H 27M 0S,Allopreening,EC7,Ornamented,M,1,min,JI3,M,1,exact,0,NA
OPP663,2018-07-28,2018,8H 27M 0S,Courtship,EC7,Ornamented,M,1,min,JI3,M,1,exact,0,NA
OPP664,2018-07-28,2018,10H 3M 0S,Courtship,FB6,Ornamented,M,4,exact,HB0,F,6,min,0,0
OPP665,2018-07-28,2018,10H 20M 0S,Chasing,CH5,Unornamented,M,2,exact,HB0,F,6,min,1,0
OPP666,2018-07-29,2018,11H 47M 0S,Courtship,AJ0,Ornamented,M,6,exact,CG5,F,2,exact,0,0
OPP667,2018-07-29,2018,12H 1M 0S,Courtship,AJ0,Ornamented,M,6,exact,CG5,F,2,exact,0,0
OPP668,2018-07-29,2018,12H 1M 0S,Chasing,AJ0,Ornamented,M,6,exact,CG5,F,2,exact,0,0
OPP669,2018-07-30,2018,10H 31M 0S,Chasing,FJ6,Unornamented,M,1,exact,HB0,F,6,min,0,0
OPP670,2018-07-30,2018,10H 31M 0S,Chasing,FI5,Unornamented,F,1,exact,HB0,F,6,min,0,0
OPP671,2018-07-30,2018,10H 45M 0S,Chasing,FI5,Unornamented,F,1,exact,HB0,F,6,min,0,0
OPP672,2018-08-01,2018,9H 14M 0S,Courtship,AA3,Ornamented,M,2,min,DB0,M,1,min,NA,0
OPP673,2018-08-01,2018,9H 26M 0S,Courtship,AA3,Ornamented,M,2,min,IE0,F,5,exact,0,0
OPP674,2018-08-01,2018,9H 53M 0S,Chasing,EC7,Ornamented,M,1,min,IE0,F,5,exact,1,0
OPP675,2018-08-01,2018,9H 53M 0S,Courtship,EC7,Ornamented,M,1,min,IE0,F,5,exact,1,0
OPP676,2018-08-02,2018,8H 34M 0S,Allopreening,HA8,Unornamented,M,3,exact,IA4,M,1,exact,0,1
OPP677,2018-08-04,2018,11H 25M 0S,Courtship,EB3,Ornamented,M,2,min,CC8,F,1,min,0,0
OPP678,2018-08-07,2018,12H 32M 0S,Courtship,JH4,Ornamented,M,3,exact,IE9,F,4,exact,1,0
OPP679,2018-08-07,2018,12H 32M 0S,Courtship,JH4,Ornamented,M,3,exact,JF6,M,1,min,0,0
OPP680,2018-08-08,2018,8H 34M 0S,Allopreening,IC3,Unornamented,M,1,exact,HJ5,F,1,exact,0,0
OPP681,2018-08-08,2018,8H 46M 0S,Courtship,IA7,Ornamented,M,2,exact,DF2,M,1,exact,0,0
OPP682,2018-08-08,2018,8H 46M 0S,Chasing,DF2,Unornamented,M,1,exact,IA7,M,2,exact,0,0
OPP683,2018-08-08,2018,8H 48M 0S,Courtship,IA7,Ornamented,M,2,exact,HJ5,F,1,exact,1,0
OPP684,2018-08-08,2018,8H 57M 0S,Courtship,GA5,Ornamented,M,4,exact,HJ5,F,1,exact,0,0
OPP685,2018-08-08,2018,8H 57M 0S,Chasing,GA5,Ornamented,M,4,exact,HJ5,F,1,exact,0,0
OPP686,2018-08-08,2018,8H 57M 0S,Chasing,IA7,Ornamented,M,2,exact,HJ5,F,1,exact,1,0
OPP687,2018-08-08,2018,12H 6M 0S,Chasing,BC5,Ornamented,M,1,min,AE2,M,1,exact,0,0
OPP688,2018-07-06,2018,7H 10M 0S,Allopreening,DA1,Unornamented,F,5,exact,DF1,M,1,exact,0,1
OPP689,2018-07-06,2018,7H 10M 0S,Allopreening,DF1,Unornamented,M,1,exact,GG4,M,4,exact,0,1
OPP690,2018-07-06,2018,7H 10M 0S,Allopreening,DA1,Unornamented,F,5,exact,GG4,M,4,exact,1,1
OPP691,2018-07-13,2018,10H 19M 0S,Allopreening,HA8,Unornamented,M,3,exact,HH7,F,4,exact,1,1
OPP692,2018-08-07,2018,11H 31M 0S,Allopreening,DF1,Ornamented,M,1,exact,DA1,F,5,exact,0,1
OPP693,2018-06-17,2018,11H 16M 0S,Allopreening,HE7,Unornamented,M,1,exact,CH2,M,1,exact,0,NA
OPP694,2018-06-29,2018,8H 45M 0S,Allopreening,HG8,Unornamented,M,1,exact,CD4,F,1,exact,1,0
OPP695,2018-07-13,2018,8H 25M 0S,Chasing,FD6,Ornamented,M,4,min,DF1,M,1,exact,NA,0
OPP696,2018-07-13,2018,12H 30M 0S,Allopreening,DI4,Unornamented,F,2,min,CC8,F,1,min,0,NA
OPP697,2018-07-18,2018,11H 30M 0S,Allopreening,JI3,Unornamented,M,1,exact,CA5,F,1,exact,0,NA
OPP698,2018-07-20,2018,11H 34M 0S,Allopreening,HA8,Unornamented,M,3,exact,IA4,M,1,exact,0,1
OPP699,2018-07-21,2018,7H 29M 0S,Allopreening,CA5,Unornamented,F,1,exact,HB0,F,6,min,0,0
OPP700,2018-07-21,2018,10H 30M 0S,Allopreening,BA4,Unornamented,F,4,exact,EC6,M,1,exact,0,1
OPP701,2018-07-22,2018,7H 57M 0S,Allopreening,EC8,Ornamented,M,5,exact,BB0,M,1,exact,0,0
OPP702,2018-07-23,2018,10H 1M 0S,Allopreening,EC8,Ornamented,M,5,exact,CC1,F,1,exact,0,0
OPP703,2018-07-28,2018,8H 46M 0S,Allopreening,GG4,Ornamented,M,4,exact,DA1,F,5,exact,1,1
OPP704,2018-07-29,2018,8H 55M 0S,Allopreening,HA8,Unornamented,M,3,exact,AE7,M,2,exact,0,1
OPP705,2018-08-05,2018,10H 50M 0S,Allopreening,EF3,Unornamented,M,1,exact,CC8,F,1,min,0,NA
OPP706,2018-08-06,2018,11H 53M 0S,Allopreening,CA5,Unornamented,F,1,exact,FJ6,M,1,exact,0,NA
OPP707,2018-07-02,2018,8H 30M 0S,Allopreening,AJ0,Unornamented,M,6,exact,CG5,F,2,exact,0,0
OPP708,2018-07-20,2018,12H 25M 0S,Allopreening,EF3,Unornamented,M,1,exact,BF7,M,2,exact,0,NA
OPP709,2018-07-27,2018,11H 32M 0S,Allopreening,FB2,Unornamented,M,1,min,EF3,M,1,exact,0,NA
OPP710,2018-07-29,2018,9H 4M 0S,Allopreening,JG7,Unornamented,M,5,exact,EG6,M,1,exact,0,1
OPP711,2018-07-29,2018,9H 33M 0S,Allopreening,JG7,Unornamented,M,5,exact,EG6,M,1,exact,0,1
OPP712,2018-08-02,2018,9H 29M 0S,Chasing,HA9,Ornamented,M,4,exact,CC1,F,1,exact,0,0
OPP713,2018-08-02,2018,9H 29M 0S,Chasing,CG5,Unornamented,F,2,exact,CC1,F,1,exact,0,0
OPP714,2018-07-29,2018,9H 33M 0S,Allopreening,EG6,Unornamented,M,1,exact,HE7,M,1,exact,0,0
OPP715,2018-07-29,2018,9H 33M 0S,Allopreening,JG7,Unornamented,M,5,exact,HE7,M,1,exact,0,0
OPP716,2018-08-05,2018,8H 1M 0S,Allopreening,DF1,Ornamented,M,1,exact,DA1,F,5,exact,0,1
OPP717,2018-08-08,2018,10H 27M 0S,Allopreening,AE7,Unornamented,M,2,exact,IA4,M,1,exact,0,1
OPP718,2018-08-09,2018,7H 43M 0S,Chasing,GG4,Ornamented,M,4,exact,CG5,F,2,exact,0,0
OPP719,2018-08-09,2018,9H 4M 0S,Allopreening,IC9,Unornamented,F,2,min,EG6,M,1,exact,0,1
OPP720,2018-08-09,2018,9H 5M 0S,Allopreening,EG6,Unornamented,M,1,exact,BG4,M,2,exact,NA,1
OPP721,2018-08-09,2018,9H 5M 0S,Allopreening,IC9,Unornamented,F,2,min,BG4,M,2,exact,0,1
OPP722,2018-08-14,2018,10H 54M 0S,Allopreening,AC4,Ornamented,M,2,exact,DD8,F,4,min,1,1
OPP723,2018-08-16,2018,12H 8M 0S,Courtship,AJ0,Ornamented,M,6,exact,CG5,F,2,exact,0,0
OPP724,2018-08-16,2018,12H 8M 0S,Chasing,AJ0,Ornamented,M,6,exact,CG5,F,2,exact,0,0
OPP725,2018-08-24,2018,9H 56M 0S,Allopreening,DF4,Unornamented,M,1,exact,CB2,F,1,exact,NA,NA
OPP726,2018-08-24,2018,10H 16M 0S,Courtship,GF8,Ornamented,M,2,min,CB2,F,1,exact,0,NA
OPP727,2018-08-27,2018,8H 23M 0S,Allopreening,IA7,Ornamented,M,2,exact,HJ5,F,1,exact,1,0
OPP728,2018-08-28,2018,7H 36M 0S,Courtship,EF0,Ornamented,M,2,exact,AG3,F,1,exact,0,0
